,author,body,created_utc,id,parent_id,subreddit_id
0,-----Kyle-----,"You wouldn‚Äôt see a 100 mile cone of plasma at 900 miles away. Nope, wrong. I saw a normal falcon 9 launch clearly from 600 miles away. If you want to do the geometry yourself you can, but it is very obvious you can see almost the entire launch from over 1000 miles.",1570157607,f2dlq5e,t1_f2axlhf,t5_2srow
1,-----Kyle-----,"It‚Äôs dumb to do by the photographer, but far more dumb to not keep the site of an orbital rocket production/testing facility secured.",1570156380,f2dk581,t1_f2d90fm,t5_2srow
2,-----Kyle-----,"No, but its the #1 place I want to visit along with Singapore.",1570148247,f2d802a,t1_f2d7u7c,t5_2qm24
3,-----Kyle-----,For sure. I get chirashi don quite a lot because you just get much more value. And you can eat it with a fork without looking like a lunatic üòÇ,1570148098,f2d7o8m,t1_f2d77xp,t5_2qm24
4,-----Kyle-----,"Yeah I thought so too. ‚ÄòCheapo‚Äô sushi is kind of an oxymoron in the grand scheme of food as a whole, but I‚Äôve had similar sushi for $70-$80 at a higher end place.",1570147733,f2d6eoz,t1_f2d65g9,t5_2qm24
5,-----Kyle-----,It‚Äôs from a sushi shop called Mt. Everest sushi. It‚Äôs a Nepalese chef. I‚Äôm a regular so he always puts an extra couple pieces in the meal for me. The poke bowls he does are top notch as well.,1570147630,f2d6777,t1_f2d5vbo,t5_2qm24
6,-----Kyle-----,"$25. Not cheap for a California roll and an eel roll, but cheap in my area for this quality.",1570147496,f2d5x5q,t1_f2d5ql7,t5_2qm24
7,-----Kyle-----,"Bought it as Akami and Chutoro. I thought it was cheapo for how good it was, they even included a ton of real wasabi.",1570147241,f2d55lk,t1_f2d38sa,t5_2qm24
8,-----Kyle-----,Nope. They are wise to that.,1570140670,f2colq4,t3_dcvma1,t5_2rhsl
9,-----Kyle-----,Trypophobia,1570118211,f2avama,t1_f23wvkq,t5_31s00
10,-----Kyle-----,What a fucking shame. Sad story if there ever was one.,1570073976,f28y6c8,t1_f28x9ae,t5_2xh58
11,-----Kyle-----,I‚Äôd be amazed if the trade is stopped by commish or vote. Extremely lopsided for you.,1569984049,f25uctv,t1_f25ilzp,t5_2qlqq
12,-----Kyle-----,"Man I had a teacher do that in 2nd grade and I was super into it. 

Weird that you can have crushes like that well before you hit maturity.",1569980491,f25pjzu,t1_f23wlkp,t5_2qh1i
13,-----Kyle-----,"If you are a HK police officer and you don‚Äôt lay down your badge, baton, and gun, you earn getting beaten to a pulp with pipes.",1569959712,f24t1sj,t1_f23tahz,t5_2yrq6
14,-----Kyle-----,Most fun I‚Äôve had all season.,1569907427,f235yxa,t1_f22xo0w,t5_2qmg3
15,-----Kyle-----,"The ergonomics are second to none, all the controls are top notch. The latest PS4 controller is inarguably more technically advanced, but it doesn‚Äôt make it the better controller for usability reasons.",1570680299,f35kecv,t1_f33k064,t5_2qh1f
16,-----Kyle-----,Big time. Latest MBP trackpad is awesome but in boot camp on windows 10 it‚Äôs not the same. Multitouch and high precision means nothing if the gestures and features aren‚Äôt there.,1570679803,f35jtzx,t1_f33vw8u,t5_2qh1f
17,-----Kyle-----,You are correct. The replier is wrong/lying.,1570594237,f325i0t,t1_eydz71b,t5_3e7xo
18,-----Kyle-----,"Time for r/AskReddit to absolutely destroy what could have otherwise been small, quality subs.",1570593214,f324fo4,t3_df2tyg,t5_2qh1i
19,-----Kyle-----,How fucking shameful.,1570382612,f2sg7up,t3_de53y3,t5_2r526
20,-----Kyle-----,All clad factory seconds.,1571123456,f3t9a7r,t3_di3hb0,t5_2ss1q
21,-----Kyle-----,Yep hat plague will eventually be false,1571043645,f3p4u45,t3_dhkc86,t5_2qh33
22,-----Kyle-----,"Idk who‚Äôs pants they are, but the why pants player isn‚Äôt down in the picture you sent.",1571029966,f3ovb8o,t1_f3o03bt,t5_2qmg3
23,-----Kyle-----,That girl needs a brutal execution. Suck fucker,1571021667,f3om625,t3_d9h21n,t5_1vnbn1
24,-----Kyle-----,They should just let him rest it. The game is almost certainly wrapped up at his point.,1571019972,f3ojz2l,t1_f3ojwq3,t5_2r526
25,-----Kyle-----,Ugh. Well it‚Äôs the right call can‚Äôt really complain.,1571019383,f3oj7qt,t3_dhi6vq,t5_2r526
26,-----Kyle-----,I would pay them to fuck off.,1571018732,f3oid3n,t1_f3oibqv,t5_2qmg3
27,-----Kyle-----,"https://en.m.wikipedia.org/wiki/Flag_of_Pittsburgh#Coat_of_arms_and_seal

Check this out. 

From what I figured, because the Steelers and the pirates were founded the same year and I think the Steelers used the Pittsburgh coat of arms as their original logo.",1571016643,f3ofnti,t1_f3oemwn,t5_2qmg3
28,-----Kyle-----,If they were different it would be a lot weirder tbh.,1571015778,f3oejuf,t1_f3oega1,t5_2qmg3
29,-----Kyle-----,What? No we actually don‚Äôt think of them much at all. Frankly I lump them in with that massive sprawling metro region they share with a few other cities. Might as well not even be in PA as far as Pittsburghers.,1571004619,f3nzgh5,t3_dhel1c,t5_2qhrn
30,-----Kyle-----,"Had a cat, super timid and declawed before we got her. She disappeared for over 2 years, including the wicked cold winter a few years ago. One night she just shows up. The fuck did you do that whole time like what.",1570920289,f3h8eov,t3_dgjyqc,t5_2qhrn
31,-----Kyle-----,Because it‚Äôs true.,1570919265,f3h5pb2,t3_dh14tt,t5_2qhrn
32,-----Kyle-----,"I wasn‚Äôt being aggressive in any way. You are picking up a tone because you‚Äôre being upset by my view on this. 

You completely misread my point about weighing the respect I have for that person with me being willing to be wrong. I‚Äôm literally saying I‚Äôll call anyone by their chosen pronouns, but if someone is militant or rude to me for no reason, I‚Äôm not going to respect their wish for me to call them something I disagree with.",1570907251,f3g455v,t1_f3g337p,t5_2r6rj
33,-----Kyle-----,"I think the polls are off as always but he‚Äôs not popular like he was in 2016 with people, at least not people 17-22 (swatch of people I primarily interact with closely enough to get an idea).",1570905282,f3fzkns,t1_f3fzd84,t5_2qh1i
34,-----Kyle-----,"To me, misgendering is calling someone by pronouns that are at odds with their sex chromosomes. 

So for me, I balance the level of respect I want to offer another human versus what is correct. I‚Äôve never met a trans person in real life where I felt that they deserved so little respect from me that I would insult them by using the right words. 

I am happy to be wrong, barring some extremely bad actions/Behavior from the person.",1570903054,f3fuw33,t1_f3fubej,t5_2r6rj
35,-----Kyle-----,How so?,1570902511,f3ftrh8,t1_f3ftq5a,t5_2r6rj
36,-----Kyle-----,Sub should be instantly banned for this post.,1570902367,f3ftgo6,t3_dglexr,t5_3pvlw
37,-----Kyle-----,People want to use radically alarmist views on the climate as a boot loader for the installation of communism.,1570901606,f3frrrm,t1_f3f14oh,t5_2qm21
38,-----Kyle-----,"I‚Äôm with you there. I‚Äôll use whatever someone wants if they don‚Äôt give me reason not to. But as far as technical terms it‚Äôs a dude. 

I really wish they would just do Karyotypes at birth and if you have XX you are female, if you‚Äôre XY you are male, if it‚Äôs something else you are intersex, as far as the law goes. I don‚Äôt owe Fallon fox the use of his bullshit pronouns given he switched sex (legally) for the purpose of brutalizing women.",1570900909,f3fq5z1,t1_f3fpkrr,t5_2r6rj
39,-----Kyle-----,*He.,1570900306,f3foq8f,t1_f3dz3vz,t5_2r6rj
40,-----Kyle-----,Absolute fact.,1570864548,f3e9qi3,t1_f3cf9km,t5_2qh1i
41,-----Kyle-----,"Anonymity first, wide variety of highly specific sites with great amounts of content is second.",1570859344,f3e61ly,t3_dgnbqj,t5_2qh1i
42,-----Kyle-----,You just described the antithesis of Trevor Noah.,1570858243,f3e570d,t1_f3c7eyd,t5_2qh1i
43,-----Kyle-----,Average actor with a great set of views that are thought out and not a knee-jerk response to the emotional pandering of the media.,1570858059,f3e51m4,t1_f3c9um0,t5_2qh1i
44,-----Kyle-----,"Warren, trump, Biden, all far more popular than old Bernie.",1570857953,f3e4yjb,t1_f3cqpj0,t5_2qh1i
45,-----Kyle-----,Big yikes. Ffs put tekashi in the Oval Office before that lying loon.,1570857913,f3e4xdr,t1_f3bhtx3,t5_2qh1i
46,-----Kyle-----,James woods.,1570857832,f3e4v1t,t3_dggvh3,t5_2qh1i
47,-----Kyle-----,"By the time your revolution starts my guess is you‚Äôll all have had yourselves disarmed. Talk about shooting yourselves in the foot, pun not intended üòÇ",1570828984,f3cwbsm,t1_f3cv6sn,t5_39qgx
48,-----Kyle-----,Commies need death.,1570770172,f3aekvq,t1_f3adoy0,t5_39qgx
49,-----Kyle-----,"My mom gave me all sorts of foods to try as a baby. Mayo, chicken salad, and chicken cordon bleu are the ones I can think of now that I absolutely hate. No I don‚Äôt feel bad that she fed me food I didn‚Äôt necessarily like. She wanted me to try as much food as I could to make me less picky. I‚Äôm thankful for that. Even the stuff I definitely didn‚Äôt like at the time. 

I guess in retrospect I can say I‚Äôm glad I tried all sorts of foods as a baby because I might have been less likely to try them now. My mom knew I liked salmon when I first tried it as an infant. If I didn‚Äôt have salmon til I was 10 I may have never tried it. 

Wasabi... yeah a baby won‚Äôt understand what‚Äôs going on and what the point is... but I learned that Dijon mustard was good on sandwiches well before I knew why it was so spicy and why it cleared my sinuses.",1570766821,f3ab7eb,t3_dg6a9t,t5_32dy0
50,-----Kyle-----,Joe BS‚Äôes a lot but boy does he have a lot of gems come out in f his podcast.,1570766102,f3aaes1,t3_df624o,t5_3328c
51,-----Kyle-----,I hate seeing the head punches after they‚Äôre out. Stomp on their hands or something that‚Äôll actually hurt and won‚Äôt kill them.,1570764994,f3a94n5,t3_d2cu9p,t5_2u5un
52,-----Kyle-----,"He protested against the flag and the national anthem. Want a video?

I don‚Äôt give a fuck what he says the protest is against, I care what he‚Äôs actually protesting. 

If I go protest outside a Taco Bell with a sign saying college tuition is too high, I‚Äôm still protesting that Taco Bell.",1570764259,f3a87if,t1_f3a75k6,t5_2qmg3
53,-----Kyle-----,"Micro-econ  (ECON0100), and game theory (ECON0200) are both easy classes. I really disliked micro because we had to do these annoying online homeworks but overall it was very easy material. Game theory is a little harder but the homework was very light and no studying besides doing the homework was necessary.",1570763193,f3a6su4,t3_dg296v,t5_2rhsl
54,-----Kyle-----,"Well when you make a protest based on false pretenses, and make that protest against America and it‚Äôs flag and not those allegedly responsible, people will not like you.",1570762335,f3a5nt6,t3_dg4948,t5_2qmg3
55,-----Kyle-----,Big yikes,1570760093,f3a24fs,t3_dfzsbs,t5_39qgx
56,-----Kyle-----,Thank you sir.,1571715615,f4p4atl,t1_f4p46jx,t5_2qlqq
57,-----Kyle-----,"I also must add, your username perfectly describes my last season in FF.",1571714641,f4p3385,t1_f4p2nel,t5_2qlqq
58,-----Kyle-----,"Well depends how you think. If I was going for point total then yes. If I wanted to the higher point total every given week, I clearly fucked up.

Still quite frustrating knowing your players did better but only in garbage time (fantasy wise).",1571714401,f4p2s2n,t1_f4p2nel,t5_2qlqq
59,-----Kyle-----,Drop Curtis Samuel for him?,1571714310,f4p2npl,t3_dl9rsj,t5_2qlqq
60,-----Kyle-----,Well I had the highest point total last season by almost 100 and missed the playoffs.,1571714149,f4p2fwy,t3_dlbu0a,t5_2qlqq
61,-----Kyle-----,"I feel quite uncomfortable having O‚Äôdell on my team, although he‚Äôs still projected highly the ROS. I love how ekeler has been playing before I traded to get him but I don‚Äôt know if the chargers will give him more carries after the past games with MG3 back. 

Anyone who knows football beyond just projections and basic stuff have any advice that could help me out? Much appreciated",1571705982,f4oqezf,t3_dla3ce,t5_2qlqq
62,-----Kyle-----,"I had the Eagles D, opponent had Howard for PHI and Prescott. Lead changed 3 times in the last 6 minutes!",1571628652,f4jxp2j,t3_dkulbi,t5_2qlqq
63,-----Kyle-----,"Statistically, no.",1571627466,f4jw6ew,t1_f475931,t5_2qhrn
64,-----Kyle-----,"Well their cause wouldn‚Äôt need more protesting, so I assume they‚Äôd just go on with their lives. 

I don‚Äôt think you‚Äôre right to assume the anger of the protestors is unfounded or at all not tied to exactly what they are protesting here.

That‚Äôs equivalent to someone saying ‚Äúoh what would women who want an abortion do if abortions were banned, who would they search for to murder to quench their thirst for death?‚Äù",1571626530,f4juhs6,t1_f48k57g,t5_2qhrn
65,-----Kyle-----,The salsa bar really puts it over the line for me. Although I prefer the meats at Chip.,1571625473,f4jsiet,t1_f47flvo,t5_2rhsl
66,-----Kyle-----,Should I grab Cousins from waivers?,1571615454,f4j9mr2,t3_dkpcjk,t5_2qlqq
67,-----Kyle-----,Probably in a space ship accident I think.,1571512027,f4bg94y,t3_dk3ukm,t5_2qh1i
68,-----Kyle-----,Knowing where this comes from makes it 10x funnier lmao.,1571244668,f3xvsun,t1_f3xius9,t5_2qmg3
69,-----Kyle-----,"Regular. The time you‚Äôre watching the lectures doesn‚Äôt count toward your credits (hours spent a week in the class). 

Yeah, I know that they flip it so you do work in lecture and learn the material out of class, but I‚Äôve found that it forces you to spend 3 hours a week practicing material when it‚Äôs usually not necessary. 

I really don‚Äôt like flipped classes. I‚Äôm in one now. The in-class meeting is a mandatory waste of time. So instead of having 150 minutes a week of 100% taken time, with a flipped class it‚Äôs more like 230-300 minutes. 


If you think you might struggle, so flipped, if you feel like you can handle it as a normal class, I‚Äôd do the non-flipped.",1571200934,f3wftw7,t3_di92q6,t5_2rhsl
70,-----Kyle-----,"You know you don‚Äôt have to prove my point for me, right?",1572225341,f5jdawk,t1_f5jd84x,t5_2sumr
71,-----Kyle-----,Fuck off you brainlet,1572225227,f5jd5uv,t1_f5dtjse,t5_2sumr
72,-----Kyle-----,Not liking shit policies.,1572223377,f5jab8k,t1_f5j6jvy,t5_2rh4c
73,-----Kyle-----,My best guess is someone named Jake Werth.,1572209363,f5hzbu0,t3_dnp9w7,t5_2rhsl
74,-1928825-,Yeah but it can completely fuck over the male partner,1572172445,f5embyu,t1_f5em8id,t5_xaiot
75,-----Kyle-----,I‚Äôd go for game theory. It‚Äôs quite easy and pretty interesting,1572122458,f5bjwk1,t3_dminzs,t5_2rhsl
76,-----Kyle-----,Fuck off loser. I hope you get your ass beat if you do that.,1572120264,f5bdlkf,t3_dn0ohl,t5_2rhsl
77,-----Kyle-----,Eh she was split on it. She‚Äôd attack more ferociously than you can imagine if she really didn‚Äôt like or know who was holding her baby.,1571975515,f54a6py,t1_f53w9c3,t5_2qh1o
78,-----Kyle-----,Yikes lol. Try to be more tactical in your sarcasm next time.,1571974429,f548x7b,t1_f548tv2,t5_xaiot
79,-----Kyle-----,"Noted. 

Calling someone a liar with no basis is equally as uncivil.",1571952536,f52qqr3,t1_f52qdur,t5_2qhrn
80,-----Kyle-----,No one give a fuck about FF9. The soccer player you doofus.,1571950818,f52jcaa,t1_f2lw09c,t5_2sokh
81,-----Kyle-----,"I‚Äôve only heard the audio recording I had no knowledge there was video.

Still no crime, still bragging, try again. Give me one actual crime. 

Tell me: if Bill Clinton was recorded saying ‚Äúoh yeah they‚Äôll let you fuck their throat under a desk‚Äù does that mean he committed sexual assault? The answer is no, in case you were wondering. 

Also, I‚Äôm not a liar you f_cking piece of sh_t.",1571949659,f52ekx8,t1_f52dlx6,t5_2qhrn
82,-----Kyle-----,"With all the hit-jobs the left has been up to, example: Kavanaugh, I think we can agree that any claims without proof can be comfortably ignored.

Also, it‚Äôs quite funny that you‚Äôre examining a private conversation as if it was a court deposition.

If you can get any girl you want like it‚Äôs nothing, you very well might tell your male friends in passing that you could ‚Äústick your dick in their mouth and they‚Äôll just let you‚Äù. It‚Äôs fucking bragging and it‚Äôs so obvious.",1571949363,f52demm,t1_f52bnww,t5_2qhrn
83,-----Kyle-----,"Hmmm it actually sounds like a rich, powerful man saying he can come on to pretty much any girl however forward he wants. Definitely nothing about sexual assault.

It literally said ‚Äúthey‚Äôll let you do it‚Äù, which implies consent, even if not spoken consent.

*next*",1571948706,f52ao6v,t1_f529hha,t5_2qhrn
84,-----Kyle-----,"Shouldn‚Äôt that be done? Don‚Äôt they owe us that? I mean if you didn‚Äôt read or see pictures of the brutality of the holocaust and just knew the body-count, it doesn‚Äôt really convey the evil and brutality of the event.",1571948170,f528f1b,t1_f4ys6k8,t5_3jxuq
85,-----Kyle-----,"That‚Äôs not what that tape said at all. Try again, perhaps applying what critical reading skills you have.",1571947973,f527s6q,t1_f527mwv,t5_2qhrn
86,-----Kyle-----,"Don‚Äôt be obtuse. I obviously mean prove the baseless claim you just made. 

If you‚Äôre calling someone a lawless walking turd you better have some hard facts, unless of course you‚Äôre a total scumbag.",1571947822,f52788i,t1_f526sd6,t5_2qhrn
87,-----Kyle-----,Prove it.,1571947630,f526ddd,t1_f4ya3qe,t5_2qhrn
88,-----Kyle-----,Thank you so much for the detailed response. I really appreciate it.,1571943691,f51ruon,t1_f51rdtu,t5_2qlqq
89,-----Kyle-----,"So I‚Äôm somewhat new to fantasy and I have a question about some discrepancies I‚Äôve noticed when evaluating a trade.

So here‚Äôs my hypothetical trade: Odell+Tate for Nuk.

CBS trade charts has Odell and Tate at 24.5 and Nuk at 33 for 1/2 point PPR. 

Yahoo has Odell projected 118.51 points ROS and Nuk projected 96.46 points ROS.

These tell 2 very different stories and make the trade sound lopsided in either direction depending on what I go by. 

How best do you make use of these two sets of info to make a legitimately fair trade (at least fair at the time of the trade)?",1571942190,f51lqgs,t3_dmihv4,t5_2qlqq
90,-----Kyle-----,"Idk I just like to think with objective, scientific figures. It helps me at visualizing amounts and understanding results. If you prefer another method, I don‚Äôt see any issue with that at all.",1571894680,f4z4nqk,t1_f4z4714,t5_2r9vp
91,-----Kyle-----,I just like to help. Stay fried my mans [8],1571893634,f4z3prb,t1_f4z36kz,t5_2r9vp
92,-----Kyle-----,"You are absolutely correct. Calling a specific type of body reaction that behaves a certain way as a ‚Äòhalf-life exponential decay‚Äô is certainly a simplification of the real-world effect that occur. You have to think about where those chemicals are located, the medium in which they are located, and the manner in which their decomposition occurs. It is a very complicated, multi-faceted problem. 

What we generally do is fit a well known function to experimental data. Apparently (and no I‚Äôm not checking the validity of this) is that the Blood TCH concentration follows a roughly exponentially decaying function in the human body. It will never be a perfect approximation but that‚Äôs a solid place to start from. 

If we wanted the exact THC blood concentration in YOUR body as a function of time, it may very well have a different time constant, or obey a function slightly different from an exponential decay function.

Science is a game of approximations though, and this is the best function for approximating first-order reaction kinetics in a solution, so it is used to get an idea of things in the body, even if there are extraneous factors that may complicate things on an individual basis.

The relation I gave assumes 1st order reaction kinetics of THC in what I assume is an isotonic solution. Anything else and you are in the land of guesses and/or approximation‚Äî or very complicated multivariate analysis. It also doesn‚Äôt care about the behavior of previously THC engulfed neurons. It is simply gross system reaction kinetics that yield this equation and the predictions that follow.",1571891247,f4z1d6e,t1_f4z0xq1,t5_2r9vp
93,-----Kyle-----,"An exponential decay function is positive across all reals.

How about exp(-x)? Positive for all values. Second derivative is also positive for all values?",1571889497,f4yzffa,t1_f4yz8ab,t5_2r9vp
94,-----Kyle-----,"These are listed from day 1 -&gt;day 20:

100%‚Äî day 1

84.1%

70.7%

59.5%

50%‚Äî day 4

42%

35.4%

29.7%

25%‚Äî day 8

21%

17.7%

14.9%

12.5%‚Äî day 12

10.5%

8.84%

7.43%

6.25%‚Äî day 16

5.25%

4.42%

3.72%

3.12%‚Äî day 20

Also, I‚Äôll add that calling these percentages ‚Äòtolerance‚Äô is not correct. It‚Äôs simply the % of THC present in the body after those points. Reaction kinetics could be more complex than what would predicate a simple half-life decay function, but I‚Äôm just going off of that presupposition.",1571889447,f4yzdby,t1_f4yywg2,t5_2r9vp
95,-----Kyle-----,"Values are wrong. The interpolation of an exponential decay function don‚Äôt act linearly like that over terms. 50% at 4 days doesn‚Äôt mean 75% at 2 days. Half life is a continuous function that decays at an exponential rate. 

The function here is %left = exp(-.1733/time) where time is in units of days. 

So if you plug in 4 days as the time, you yield .5, or 50% of the THC left from when you last smoked. But if you plug in 2 days, you get .707, or 70.7%. So 4.3% less THC in your system than what linear interpolation would get you. 

If you look at an exponentially decaying function versus a linear function, the exponentially decaying function has a positive second derivative, meaning it‚Äôs slope increases and as a result an intermediate point is actually lower than what the linear interpolation would make you believe (think of the decay function being a concave-up looking curve that intersects a line, kind of like a cartoon smile, or a letter ‚ÄòD‚Äô turned 90¬∞ clockwise). This explains why the linear interpolation between 100% and 50%‚Äî75%, is an overestimation of the actual half life function for THC in your body.

If you care enough, I can update those percentages to real values assuming THC in the body does indeed follow a half-life function (it probably does btw).",1571888475,f4yy7z9,t3_dma8ns,t5_2r9vp
96,-----Kyle-----,I‚Äôd like to add barbacoa.,1571879585,f4ylxui,t1_f4vqtql,t5_2qzb6
97,-----Kyle-----,Well it doesn‚Äôt change much. I‚Äôm still enjoying monster energy ‚Ñ¢Ô∏è as much as always.,1571878739,f4ykp3p,t3_dm2amj,t5_2qh1i
98,-----Kyle-----,Wouldn‚Äôt go for that considering Josh Gordon is on IR and out for the season.,1571865365,f4xgexa,t1_f4xg2fv,t5_2qlqq
99,-----Kyle-----,"1/3 point PPR 12 team. 

Trade away: Odell, Fournetter, Kelce

Receive: Michael Thomas, Dalvin Cook, Hunter Henry


Is this a worthwhile trade?",1571865325,f4xgasj,t3_dm1e9f,t5_2qlqq
100,-----Kyle-----,"12 team 1/3 point PPR

QB: Matt Ryan, Ryan Tannehill


WR: Kenny Golladay, Odell, DJ Chark, Golden Tate, Jarvis Landry, Curtis Samuel

RB: Leonard Fournette, Austin Ekeler, Royce Freeman

TE: Kelce

K: Harrison Butker 

DST: PHI


Points for: 751.15
Points against: 679.46


I‚Äôm worried about my lack of depth at RB, but I feel as though my talent at WR is such that I should be looking more into trades and less into dropping a WR for a waiver RB (not that there‚Äôs anything promising sitting there right now). I also feel that my defense isn‚Äôt helpful. 

What changes should I try to be making?",1571860253,f4wvzs4,t3_dm1ds4,t5_2qlqq
101,-----Kyle-----,I do hope you know that a ‚Äògun license‚Äô literally defeats the purpose of the 2nd amendment.,1571771435,f4rthk8,t1_f1e12hm,t5_2qm21
102,-----Kyle-----,Yikes on the post lmao.,1572643152,f61nri7,t3_dq6u1z,t5_2qhrn
103,-----Kyle-----,Because reddit mobile rotated my picture for no good reason. I‚Äôm gonna delete the post and see if I can re-upload a good version.,1572629005,f60ylb0,t1_f60yjbu,t5_2w9it
104,-----Kyle-----,"I feel like there‚Äôs so much good stuff out there for you to pick from. There‚Äôs probably a list of reputable barrel manufacturers to choose from. 

Me... I bought my upper all as one piece from Daniel defense, pretty cheap as it was a quad-rail upper. The thing shoots 1 MOA which for a 16‚Äù standard barrel is great in my opinion. 

I‚Äôm sorry I don‚Äôt have specific barrels for you to buy, but that comes down to preference more than anything. Look at a reputable brand and buy something that makes sense for your use-case. It‚Äôs hard to really go wrong.",1572412731,f5s5jry,t3_dp1z16,t5_2qhc8
105,-----Kyle-----,"Yeah fuck off, we aren‚Äôt all extreme leftists like /r/politics",1572328088,f5or8wa,t1_f5nb0pj,t5_2qhrn
106,-----Kyle-----,"Did discovery find clear and obvious proof that he was in the seat of his car when he struck your vehicle?

If you don‚Äôt have that then the cops were in the right.",1572327626,f5oqwiw,t1_f56zef8,t5_2u6os
107,-----Kyle-----,"Maybe a little chunkier, but only if you like it. I would also find better chips. Looks great though, nothing wrong at all üòä",1572326952,f5oqdse,t3_czati6,t5_s87mi
108,-----Kyle-----,He‚Äôs your president as much as ours. Pledge allegiance to the flag that he‚Äôs the chief executive of over the past 3 years.,1572325957,f5opkmf,t1_f5lq2ez,t5_2qh6p
109,-----Kyle-----,Pathetic lmao.,1572325789,f5opfin,t3_doamhz,t5_2qh6p
110,-----Kyle-----,What does this have to do with Pittsburgh?,1572296512,f5n4djs,t3_dof6kh,t5_2qhrn
111,-----Kyle-----,Maybe they aren‚Äôt tolerant to pro-death views?,1572296366,f5n3ouz,t3_dobxbs,t5_2rhsl
112,-----Kyle-----,Provide me one.,1573261949,f6xy49u,t1_f6we0n7,t5_2qh13
113,-----Kyle-----,"My profs either provide a PDF of their book or the departmental book, and if they don‚Äôt they just list the ISBNs and mention in class that there‚Äôs a way to find the books out there. Really nice of them.",1573253827,f6xnzee,t1_f6wfcoe,t5_2qh1i
114,-----Kyle-----,Hahahahaha. Gross but hilarious.,1573084128,f6qrkpv,t1_f6qrhm8,t5_2qh1o
115,-----Kyle-----,Nooooo ‚òπÔ∏è,1572978473,f6mtbhh,t3_drncqm,t5_2qhrn
116,-----Kyle-----,I‚Äôd say a Civ E with a PE is less of an engineer than a MechE with their bachelors.,1572925656,f6l0p4p,t3_dja432,t5_2sebk
117,-----Kyle-----,Please don‚Äôt make it a qualtrics survey.,1572834426,f6h0t7h,t1_f69vbmg,t5_2rhsl
118,-----Kyle-----,You‚Äôre always unwelcome,1572834166,f6h0dyc,t1_f6d6eoy,t5_2rhsl
119,-----Kyle-----,"Is there a reason they spotted the ball more than a 18 inches behind where the ball was actually down?

Edit: fucking clowns in NY keep up the good work this season.",1572824276,f6gcg70,t3_dr6kqs,t5_2qmg3
120,-----Kyle-----,NFL~NHL&gt;&gt;MLB~NBA,1572815469,f6fkvdh,t1_f6fk5yh,t5_2qmg3
121,-----Kyle-----,Turning this shit off. What a farce of a game.,1572814742,f6fipqu,t3_dr375l,t5_2r526
122,-----Kyle-----,Not even close to catchable.,1572814498,f6fht11,t3_dr375l,t5_2r526
123,-----Kyle-----,Lmao refs are incompetent at a professional level. Completely fair hit on that bum Switzer.,1572814100,f6fgk1u,t3_dr375l,t5_2r526
124,-----Kyle-----,Almost to the point where you could say he is deliberately making bad calls in the red zone.,1572813675,f6ff9v9,t3_dr375l,t5_2r526
125,-----Kyle-----,"Seeing how that was obvious DPI, they‚Äôll probably overturn it. ü§°üåé",1572813478,f6fehcw,t3_dr375l,t5_2r526
126,-----Kyle-----,What a joke lol. Hoyer should have negative yards.,1572812925,f6fctl0,t3_dr375l,t5_2r526
127,-----Kyle-----,Man you can‚Äôt get anything right!,1573682244,f7flxdp,t1_f7bfgjo,t5_2qhrn
128,-----Kyle-----,I sure hope you‚Äôre right and he‚Äôs not simply falling off.,1573503625,f797ewy,t1_f78xzui,t5_2r526
129,-----Kyle-----,Fuckin A is all I can comment.,1573503565,f7979j3,t1_f78ocex,t5_2r526
130,-----Kyle-----,Awesome! I probably knocked into you at genes and didn‚Äôt know. Pickle shots are great tho right? Gene is the man. Sounds like you did it all right. Not blacking on your 21st is a skillful move üòÇ,1573503323,f796m6c,t1_f796ccw,t5_2qhrn
131,-----Kyle-----,How‚Äôd your night go my dude?,1573502964,f795pzr,t3_du1g1d,t5_2qhrn
132,-----Kyle-----,"When my mom got remarried a couple years ago we rented out the entirety of one of the fanciest restaurants in the city with a view of the whole area at night and a specially designed cake. The actual ceremony was just about the least fancy thing you could imagine. They decided to focus on the reception being small, very close friends and family, with great food and drinks. All in all it was less than $7K which blew my mind. When she told me the plans I thought it would be like $100K or something ridiculous. I still have no idea how she made that wedding day so affordable (relatively), perhaps it is that she had a experience lol üòÇ",1573502148,f793nkb,t1_f6uhkuk,t5_2ugf9
133,-----Kyle-----,That video really made me sad. That kind of reaction the day you are being married to the other person. The slap wasn‚Äôt even bad it was that it made clear who she would be stuck with for the foreseeable future.,1573501833,f792uey,t1_f6upucx,t5_2ugf9
134,-----Kyle-----,BosGod continues to prosper.,1573423974,f766pu8,t3_dugua8,t5_2r526
135,-----Kyle-----,Big brain over there at your place!,1573349856,f71x2ci,t1_f71wczb,t5_2qhrn
136,-----Kyle-----,I hope so!,1573349841,f71x18a,t1_f71eztd,t5_2qhrn
137,-----Kyle-----,"Probably:

Mortar and pestle

Sois vide

Shun knife

Big all clad copper core stock pot

Espresso machine and dedicated burr grinder



Idk maybe not pretentious to most people here, but very pretentious to my college roommates.",1573342778,f71jywo,t3_dsheez,t5_2qh7f
138,-----Kyle-----,"Genes-&gt;Bootleggers-&gt;G-Door-&gt;Hemingway‚Äôs-&gt;Mario‚Äôs, preferably in that order. 

Start with two PBR big boy cans at genes for like $5.50. At boots, get whatever but I‚Äôd go with a mixed drink like a whisky and coke or rum and coke. Then to G-door you need to get a pickle shot‚Äî no alcohol flavor and a nice change of pace. Once you get to Hemingway‚Äôs... you‚Äôll need a shot pitcher (don‚Äôt worry they‚Äôre not full strength shots and everyone gets a pitcher for themself). Mario‚Äôs is a good place to finish up, they might still give out the horns like Peters used to. At Mario‚Äôs you can‚Äôt go wrong but a Whisky sour is fine there and everyone likes them.

Happy 21st! Pace yourself big time, this is key. Genes is always a good start to get a buzz going on the cheap, then you can get 1-2 drinks at the next 4 spots.",1573333571,f70wxax,t3_du1g1d,t5_2qhrn
139,-----Kyle-----,"Omega average is 1.5*2pi radians per second, omega final is 0, from this you will find that omega initial is 6pi radians per second, using theta=omega*t+.5*alpha*t^2 you can solve for alpha or the angular acceleration.",1574189963,f82f2gy,t3_dynl6q,t5_2r6f3
140,-----Kyle-----,Show me where they are forced to work for Amazon.,1574183347,f823r3w,t1_f80rii6,t5_2qh13
141,-----Kyle-----,It‚Äôs correct,1574180835,f81zmox,t1_f81x4bx,t5_2r6f3
142,-----Kyle-----,"Factor into (tan-2)(tan+1)=0, so either must be zero. 

The answer for the first part is a*pi+arctan(2) for any integer value of a. (There is no closer form of the inverse tangent of 2). For the second, the answer is:pi/4 + a*pi where a is any integer. 

My guess is your teacher is looking for values of theta between 0-2pi, so the answer would be pi/4, 3pi/4, then the arctan(2) in the first quadrant and the 3rd quadrant in the Cartesian plane.",1574143883,f80ztri,t3_dygf8a,t5_2r6f3
143,-----Kyle-----,Of course! What do you need help with?,1574143246,f80z8ix,t3_dygdho,t5_2r6f3
144,-----Kyle-----,"If you divide or multiple in an algebraic expression, do it to EVERY term separated by an addition or subtraction. This caused me issues in 8th grade algebra big time.",1574143088,f80z38q,t1_f80ytmy,t5_2r6f3
145,-----Kyle-----,I‚Äôm sorry but I can‚Äôt seem to get it right now ‚òπÔ∏è,1574143019,f80z0xp,t1_f80wxxx,t5_2r6f3
146,-----Kyle-----,Where are you seeing the 15? I only divided by 5 at the very end.,1574142490,f80yivg,t1_f80wxn7,t5_2r6f3
147,-----Kyle-----,I have to shower but I‚Äôll answer this when I‚Äôm out.,1574140856,f80ww8y,t3_dyff05,t5_2r6f3
148,-----Kyle-----,3m(3n-3p). Does this make sense?,1574140765,f80wsr3,t1_f80wr1z,t5_2r6f3
149,-----Kyle-----,"Given this is 9th grade, they may want you to do the algebra to simplify the answer although the answers provided are completely correct.",1574140224,f80w862,t1_f80vvuw,t5_2r6f3
150,-----Kyle-----,Add 3m to both sides. Then divide both sides by 5.,1574139873,f80vuf4,t3_dyfkpv,t5_2r6f3
151,-----Kyle-----,"I meant 125. s*(m/s^2 ) = m/s

Nonetheless I got the answer despite the book using incorrect units, I can PM you",1574137316,f80ssiu,t1_f80sjjb,t5_2r6f3
152,-----Kyle-----,What would acceleration have units of m/s? That‚Äôs what their function for v‚Äô shows.,1574136457,f80rp96,t3_dyequq,t5_2r6f3
153,-----Kyle-----,You need to subtract the radius of the ball from the radius of the circular track. Think of the change in height of the center of mass of the ball.,1574133040,f80n3ay,t1_f80mwk8,t5_2r6f3
154,-----Kyle-----,"Girls be looking for guys with a pedo fetish üòÇ, sounds like they have a thing for their dad.",1574109113,f7zdjo9,t1_f7p250h,t5_3328c
155,-----Kyle-----,Moment she grabs the board fucking clock her in the chin and make a citizens arrest for theft from persons.,1574107337,f7z9c6c,t3_dqw72j,t5_11kyfy
156,-----Kyle-----,"I know all of that, and it infuriates me. My first comment was an unrealistic wish.",1574106648,f7z7pyz,t1_f7z7iw5,t5_3jj03
157,-----Kyle-----,Not the faintest fucking clue. I just wish there was a way to support Hong Kong without escalating to war. Seems like it would be like trying to use flex-seal to fix the titanic.,1574106003,f7z6cp9,t1_f7z66ol,t5_3jj03
158,-----Kyle-----,The US should quietly deliver thousands of unserialized assault rifles to the people of Hong Kong.,1574103676,f7z108j,t3_dy38bu,t5_3jj03
159,-----Kyle-----,"5 is B. Explanation: the cooling curves will start fast as the difference between the water temperature and the air in the fridge is very different, and the rate of change of temperature will plateau as the water gets close to the temperature of the fridge. The aluminum container will cool the water faster because it is a great thermal conductor and the glass isn‚Äôt. (Think about the cold air all around suckin heat away faster through aluminum than glass).

For 6, the answer is M. Explanation: the other options are purely scientific questions (although L is certainly a difficult task). M is a question that extends beyond science and into politics and economics of agriculture.",1574102073,f7yx8e6,t1_f7ydsvg,t5_2r6f3
160,-----Kyle-----,Can you clarify which variables here are constants and which are functions (and what they are functions of?),1574101659,f7yw9ay,t3_dy72f7,t5_2r6f3
161,-----Kyle-----,I‚Äôll wait til it‚Äôs a good enough that Apple copies it and brings the tech to the level that it‚Äôs polished enough for everyone.,1574055730,f7xfmer,t3_dw97n6,t5_3lwod
162,-----Kyle-----,"Thanks! The algebra is tricky but if you do those substitutions and solve for r, you will always get the right answer",1574040901,f7wxqez,t1_f7wx7l1,t5_2r6f3
163,-----Kyle-----,"Just plug r*cos(theta) in for x and r*sin(theta) in for y, that should do it.

I‚Äôm getting:

R(theta) = 2[sqrt(2sin(theta)*cos(theta)+3)+cos(theta)+sin(theta)]

Edit: this is correct: http://www.wolframalpha.com/input/?i=R%28theta%29%20%3D%202%5Bsqrt%282sin%28theta%29%2Acos%28theta%29%2B3%29%2Bcos%28theta%29%2Bsin%28theta%29%5D%20%20polar",1574038995,f7wv9hi,t3_dxvlie,t5_2r6f3
164,-----Kyle-----,"Omega = 4.217 rad/s

If you want an explanation let me know.",1574037709,f7wtkb0,t1_f7wq90l,t5_2r6f3
165,-----Kyle-----,"Yes, you are listening to a circuit, an electromechanical circuit. There‚Äôs a transfer function for the recording equipment, a transfer function for the playback system, and a transfer function for your hearing reception of the played signal. If a set of headphones has the same transfer function when measured as another, they will sound identical to a given individual (only because we cannot easily characterize human hearing as a transfer function). If we could characterize the transfer function of two individuals‚Äô hearing, we could identify (or design) two different headphones that would result in them experiencing the same exact sound. The electrical properties of the cables absolutely affect the transfer function of your system, but to a vanishingly small degree. 

There is zero room here for you to ‚Äòhear‚Äô something not explained through science. You might bias yourself based on the equipment you are listening on to give yourself the placebo affect, but that‚Äôs all it is at the end of the day. Nothing in audio is immeasurable, besides your perception, but that isn‚Äôt important because that‚Äôs between the equipment and you and the sound that hits your ear. 

The golden ears test essentially has a series of clips and sound tests that characterize your hearing. It is quite interesting, would recommend giving it a go.",1574032108,f7wd57u,t1_f7vazei,t5_2qmiy
166,-----Kyle-----,"As long as a cable is shielded properly, it is as though a faraday cage is surrounding each conductor. Then as long as the conductor has low resistance and negligible capacitance and inductance, anything will do. You could literally use I-beams for your speaker wires as long as they are shielded, just calculate the resistance/unit length and see for yourself.",1574014854,f7uhq43,t3_dxdkwp,t5_2qmiy
167,-----Kyle-----,"An oscilloscope can analyze if a circuit is clean much better than your intuition.

By the way, you cannot hear the difference between 320kbps audio compared to FLAC. Take the golden ears test.",1574014611,f7ugk8u,t1_f7rnpb9,t5_2qmiy
168,-----Kyle-----,"For that reason I hope they don‚Äôt. Be a fuckhead, get blackballed. Freedom of speech isn‚Äôt freedom from consequences of your speech.",1573978563,f7rbzdq,t1_f7pbce3,t5_2qmg3
169,-----Kyle-----,"I‚Äôm pretty sure it was in the rules lid out for the inquiry. Could be wrong, just heard it from someone (ironic I know given the situation üòÇ).",1573876708,f7mxea5,t1_f7mx9sm,t5_2qh6p
170,-----Kyle-----,"I wouldn‚Äôt recommend eating there if you have any immune issues or are old or pregnant, but as someone who has eaten there an average of at least once a week since early 2016, this doesn‚Äôt dissuade me at all.",1573860275,f7mdcwe,t3_dwsmco,t5_2qhrn
171,-----Kyle-----,Yikes üòÇ,1573858379,f7matll,t1_f7hf9op,t5_2qt55
172,-----Kyle-----,So does that mean Schiff committed the witness tampering by reading the tweets to her despite not being allowed to?,1573852304,f7m18fh,t1_f7m0xn1,t5_2qh6p
