,body,author,created_utc,retrieved_on,permalink,parent_id,subreddit,score
1000,Wow freestyle poetry .......lol,MissSally2010,2019-07-30 10:50:01,2019-07-30 10:50:11,/r/FemaleDatingStrategy/comments/cip1r7/the_primary_reason_that_many_men_feign_confusion/eveyznh/,t1_evexx0r,FemaleDatingStrategy,1
1001,"He said, looking in the mirror, seeing his own reflection for the very first time as others see him ..

 and it frightened him so much, he near shit his frilly panties.. as he farted one out .. herp derp!!?",WotNoKetchup,2019-07-30 10:32:14,2019-07-30 10:32:24,/r/FemaleDatingStrategy/comments/cip1r7/the_primary_reason_that_many_men_feign_confusion/evexx0r/,t1_eve6w7e,FemaleDatingStrategy,1
1002,"I been in deep friendships with a girl all my life. And we are allies. Asking about each other's feelings does go a long fucking way. Women in America are more free then they ever were. If a man ever slightly comes on to her, hell the entire nation will be all over it. The man is in Jail forever. Most happy and lifelong couples are happy because of their shared thought on financias and children. Women in America do not have to sacrifice anything to a man if they don't want to. If a women wants to have a baby to her husband it's done by consent of both sides. So I'm going to disagree with your statement ""Men are not our allies"". We are, you just have to find the man the cares for you.",ttucker2016,2019-07-30 06:10:25,2019-07-30 06:10:35,/r/FemaleDatingStrategy/comments/ci8g7s/ive_always_felt_that_men_have_been_projecting/evehoi8/,t1_ev9e5ar,FemaleDatingStrategy,1
1003,"No get married but make sure he‚Äôs more wealthy and connected than you - use him to level up, THEN divorce his ass. Have you own career as well.",TheOGJammies,2019-07-30 06:02:00,2019-07-30 06:02:11,/r/FemaleDatingStrategy/comments/ci7fea/ladies_never_ever_marry/eveh3vu/,t3_ci7fea,FemaleDatingStrategy,1
1004,"Are you fucking kidding me. A girl named Taylor who I spent a lot of my childhood with was a girl. Our relationship grew in middle and high school and it wasn't sexual tension, I never tried to hit on her or ""get hot with her"". I always saw her a basically a twin sister. She raised my confidence and self esteem with kind hearted gestures. I taught her the sports world of baseball and football because she wanted to know my interests. She later told me that she hates sports but I don't mind. So saying teenage girls can't hang with teenage boys personally pisses me off. Seeing this disgusting stereotype of boy and girl friendship is so awful. Talk to someone who has felt safe with an opposite gender friendship. In no way does it sabotage their self-development.",ttucker2016,2019-07-30 06:01:09,2019-07-30 06:01:19,/r/FemaleDatingStrategy/comments/cimnqo/under_no_circumstances_should_we_be_telling/eveh1rw/,t3_cimnqo,FemaleDatingStrategy,1
1005,"Are you fucking kidding me. I'm a guy and had a life-long childhood friend who's a girl, Taylor btw. We grew up together and she raised my self-confidence for much of my struggling elementary and middle school years. I never had sexual tensions towards her. I didn't try to bang her or ""get hot with",ttucker2016,2019-07-30 05:53:50,2019-07-30 05:54:01,/r/FemaleDatingStrategy/comments/cimnqo/under_no_circumstances_should_we_be_telling/evegjjb/,t1_ev7mvdw,FemaleDatingStrategy,1
1006,"5.9% of rape has been proven false. Although 44.9% of cases have not ""proceeded"" either the accuser is not cooperative, lack of evidence or doesn't meet the criteria for assault. Kinda wired laws.",ttucker2016,2019-07-30 05:45:15,2019-07-30 05:45:25,/r/FemaleDatingStrategy/comments/cipx2h/men_are_not_simple_and_neither_are_they_easy_to/evefy1f/,t1_ev9dhfi,FemaleDatingStrategy,1
1007,"Hell im a guy and if you make me just smile and laugh I find that attractive. Then again I'm ugly as shit so any girl talking to me is either related or a life long friend, looking at you Taylor.",ttucker2016,2019-07-30 05:41:08,2019-07-30 05:41:19,/r/FemaleDatingStrategy/comments/cipx2h/men_are_not_simple_and_neither_are_they_easy_to/evefnhd/,t1_evaexuc,FemaleDatingStrategy,1
1008,"As a man, well from the comments I'm reading, I can see why women hate us. But women objectifing every men as sex hungry, aggresive animals isn't a much better response to that. Their are a lot of horrible men out their true, but their are also very kind, loving and supportive guys out there. I think the point here is that their will always be men and women that hate each other, think less of each other or wish the other gender doesn't exist. Humans will never be a utopia because their is just to much hatred to someone else when someone thinks less of them.",ttucker2016,2019-07-30 03:43:33,2019-07-30 03:43:34,/r/FemaleDatingStrategy/comments/ce4ruq/a_lot_of_men_interpret_politeness_from_women_as/eve7xdb/,t3_ce4ruq,FemaleDatingStrategy,1
1009,"Ha ha you keep talking about shit that you know nothing about. 

Typical bitch",MissSally2010,2019-07-30 03:42:41,2019-07-30 03:42:41,/r/FemaleDatingStrategy/comments/cd9u2e/men_who_are_sluts_will_never_be_able_to_pleasure/eve7v9b/,t1_evdzki9,FemaleDatingStrategy,1
1010,Wow you really are right and nasty cunt. Your mother must be proud.,MissSally2010,2019-07-30 03:28:40,2019-07-30 03:28:41,/r/FemaleDatingStrategy/comments/cip1r7/the_primary_reason_that_many_men_feign_confusion/eve6w7e/,t1_eve1pe3,FemaleDatingStrategy,1
1011,Will you go for coffee with me?,MissSally2010,2019-07-30 02:43:08,2019-07-30 02:43:09,/r/FemaleDatingStrategy/comments/cj026n/if_your_feminism_excludes_men_its_feminism_well/eve3ka6/,t1_eve2j0p,FemaleDatingStrategy,1
1012,You go girl.,MissSally2010,2019-07-30 02:41:41,2019-07-30 02:41:42,/r/FemaleDatingStrategy/comments/cj026n/if_your_feminism_excludes_men_its_feminism_well/eve3gb6/,t1_eve30vp,FemaleDatingStrategy,1
1013,"You damn Cock measurers are always Jerking yourselves stupid on fantasies of cornering &amp; raping women 

AVFM &amp; MRA &amp; MGTOW &amp; PUA is where all the little knobs hang out together while penis back slapping each other

Now, if you want any further replies to anything else you will have to wait, cos I am off to the toilet &amp; I refuse to deal with two shits at the same time!",WotNoKetchup,2019-07-30 02:36:04,2019-07-30 02:36:05,/r/FemaleDatingStrategy/comments/cj026n/if_your_feminism_excludes_men_its_feminism_well/eve30vp/,t1_eve1zul,FemaleDatingStrategy,1
1014,"yeah we all know

master bates

 it saps all your energy

 so glad you could take time out of your busy schedule of masturbating to give us some of your thoughts as little and as pointless as they are..
you needs two hands at that pump don't ya?",WotNoKetchup,2019-07-30 02:29:40,2019-07-30 02:29:42,/r/FemaleDatingStrategy/comments/cj026n/if_your_feminism_excludes_men_its_feminism_well/eve2j0p/,t1_eve1jpi,FemaleDatingStrategy,1
1015,"Funny thing ho.
Your bullshit comments keep getting downvotes. 

Ok ok ok 
My true feelings are. 

I hope you get gang raped by dogs untill you either get aids or cervical cancer.",MissSally2010,2019-07-30 02:22:45,2019-07-30 02:22:46,/r/FemaleDatingStrategy/comments/cj026n/if_your_feminism_excludes_men_its_feminism_well/eve1zul/,t1_eve120n,FemaleDatingStrategy,1
1016,"I have no cats, because I can't stand cat hairs

 so mutley, enjoy your life with your best friend, your only friend your dog

 and there is a rumour going round, he doesn't even like and all your yapping",WotNoKetchup,2019-07-30 02:18:58,2019-07-30 02:18:58,/r/FemaleDatingStrategy/comments/cip1r7/the_primary_reason_that_many_men_feign_confusion/eve1pe3/,t1_eve0uwo,FemaleDatingStrategy,1
1017,Will you go out with me. I think your cute,MissSally2010,2019-07-30 02:18:47,2019-07-30 02:18:48,/r/FemaleDatingStrategy/comments/cd9u2e/men_who_are_sluts_will_never_be_able_to_pleasure/eve1ovv/,t1_evdzki9,FemaleDatingStrategy,1
1018,"I dont have the energy to read your shit 
Go fuck yourself",MissSally2010,2019-07-30 02:16:57,2019-07-30 02:16:58,/r/FemaleDatingStrategy/comments/cj026n/if_your_feminism_excludes_men_its_feminism_well/eve1jpi/,t1_eve120n,FemaleDatingStrategy,1
1019,"&gt;How can any social movement profess to be a champion of equality whilst simultaneously EXCLUDING another group.

OMG BRICK A PRICK

Disabled groups champion the equal rights of disabled people and curiously enough they don't focus on the able bodied while they are campaigning for equality for their disabled groups

 cos those groups aren't for the able bodied and they are not about them?

 You really a dick brain aren't you?

Black people in their civil right movement weren't to concerned about white people

 cos white PEOPLE were the ones who were denying them their civil rights in the first place and that is the very reason black people felt compelled to created their black civil rights movement

which is the same for the feminist movement

 men both black and white and brown merrily denied women their civil rights

 and no, it is no surprise dick brain, feminism is not inclusive of men.",WotNoKetchup,2019-07-30 02:10:41,2019-07-30 02:10:43,/r/FemaleDatingStrategy/comments/cj026n/if_your_feminism_excludes_men_its_feminism_well/eve120n/,t1_evdypzz,FemaleDatingStrategy,1
1020,enjoy your cats and wine!,theycallmeiago,2019-07-30 02:08:10,2019-07-30 02:08:11,/r/FemaleDatingStrategy/comments/cip1r7/the_primary_reason_that_many_men_feign_confusion/eve0uwo/,t1_evdzdqi,FemaleDatingStrategy,1
1021,"I was definitely not telling you marry because god knows no woman needs that. Just to keep your hands to yourself unless you‚Äôve asked. But you all came in here mad AF about OP which must mean you‚Äôre doing this, which is assault. 

Feel free to MGTOW to your hearts content. Literally nobody gives two fucks about a single Middle Aged man. People step over homeless people everyday",TheOGJammies,2019-07-30 01:56:12,2019-07-30 01:56:13,/r/FemaleDatingStrategy/comments/cip1r7/the_primary_reason_that_many_men_feign_confusion/evdzwio/,t1_evdhevo,FemaleDatingStrategy,1
1022,"hilarious , this also applies for excessive male masturbation, search(death grip) and you will know they even lose their penile sensitivity. men are dysfunctional in sex due to porn and excessive masturbation. its funny how the more they are porn obsessed the more their standards are high and they will say how some women with the slightest bit of cellulite are not boner inducing.they are projecting their own dysfunction on women. a lot of them are useless nowadays.",sogol1990,2019-07-30 01:52:54,2019-07-30 01:52:55,/r/FemaleDatingStrategy/comments/cd9u2e/men_who_are_sluts_will_never_be_able_to_pleasure/evdzmzo/,t3_cd9u2e,FemaleDatingStrategy,1
1023,"haha, you keep following my comments everywhere , obsessed incel",sogol1990,2019-07-30 01:52:02,2019-07-30 01:52:04,/r/FemaleDatingStrategy/comments/cd9u2e/men_who_are_sluts_will_never_be_able_to_pleasure/evdzki9/,t1_evd9dak,FemaleDatingStrategy,1
1024,"Little princes have their mothers running around after them picking up all their shit

and cooking all their meals for them and washing all their clothes and keeping their homes nice and clean for them so they can relax in comfort of them and when they hurt their little knuckles hitting brick walls in their temper tantrums their mummies will kiss it all better for them

 and as they grow in to adulthood

 the little princes look for partners who will take over from where their mummies left off.

and the divorce rates are high and it's women who instigate most of them

 because women these days say

men can feck off with that, we are not men's nurse maids and we ain't here to wait on men hand foot no matter how much the little princes squeal they think we are.",WotNoKetchup,2019-07-30 01:49:44,2019-07-30 01:49:46,/r/FemaleDatingStrategy/comments/cip1r7/the_primary_reason_that_many_men_feign_confusion/evdzdqi/,t1_evdxyic,FemaleDatingStrategy,1
1025,"Jesus christ all you dumb fucking cunts. Ok sweetie let me explain it really simple for you.


How can any social movement profess to be a champion of equality whilst simultaneously EXCLUDING another group. No matter race, sex or belief.


Why is it so fucking hard to see the hypocrisy in that. Why? And then when called out you cunts go on tangents of un related historical bullshit. 
( there where whites in the black panthers ) 

Lets make one thing clear. The bad taste that fehmlanizm is leaving in society's mouth is starting to piss off everyone on ALL sides of the spectrum. Even as we speak the anti femenisn movement is growing. 


Ps who the fuck is Warren? Your last false accusation victim. Ohh the name of your cat. 
My bad.

Id say get fucked but your probly 300 pounds and   that will never happen.

Woof woof!",MissSally2010,2019-07-30 01:41:40,2019-07-30 01:41:42,/r/FemaleDatingStrategy/comments/cj026n/if_your_feminism_excludes_men_its_feminism_well/evdypzz/,t1_evdxmpe,FemaleDatingStrategy,1
1026,"Again..it‚Äôs not even that lol.

Look at the family courts &amp; divorce rates ALONE - it‚Äôs enough for any rational individual to nope out of the game entirely. When you add the entitlement/sensitivity of the millennial generation...well it‚Äôs a shit show. Instead of judging me - why don‚Äôt you go date these millennial women? Who cares that I don‚Äôt? One less asshole for these precious, saintly women to deal with right?

In the meantime - I‚Äôll be at work and with my friends/family :) enjoy!",theycallmeiago,2019-07-30 01:32:24,2019-07-30 01:32:25,/r/FemaleDatingStrategy/comments/cip1r7/the_primary_reason_that_many_men_feign_confusion/evdxyic/,t1_evdvt8c,FemaleDatingStrategy,1
1027,"I want to explain feminism to you

 it ain't for men

 ""omg, it is not inclusive of men, how can that be right? you squeal like a pig?

Well

Feminism is a movement exclusively for women and girls one has to remember that?
--

Just as the black civil rights movement was for black people and there is no doubt many white people felt alienated from it but then again it was never about them was it?

Some white people supported the black civil rights movement but they couldn't claim to be black just because they supported the movement?.

In the same way men can support Feminism but that does not make them feminists, it's just makes them PRO FEMINISM.
--

And just like the Black civil rights movement the white people who said they supported it had no right what so ever to dictate the terms of how it was run or any right to claim it should be inclusive of white people 

because well you know it wasn't their movement and it wasn't about them?

Now Warren, you can fuck right off back down your wabbit hole and take your merry troop of team manhood with you cos we the real feminists no matter what ain't letting you men in..

 cos the last thing the feminist movement is about, is men

 Men are the oppressors here not the victims! and no man is going to get to curl up into a little ball and claim male victimhood here... no not here in their man's world.",WotNoKetchup,2019-07-30 01:28:28,2019-07-30 01:28:29,/r/FemaleDatingStrategy/comments/cj026n/if_your_feminism_excludes_men_its_feminism_well/evdxmpe/,t1_evdwd0o,FemaleDatingStrategy,1
1028,"Fehnanishm isn't worth spelling correctly darling. 
Keep laughing about the dolls. Because you will most likely die alone in a room full of cats and empty wine bottles.",MissSally2010,2019-07-30 01:12:58,2019-07-30 01:12:58,/r/FemaleDatingStrategy/comments/cj026n/if_your_feminism_excludes_men_its_feminism_well/evdwd0o/,t1_evduup8,FemaleDatingStrategy,1
1029,"men are always desperate for their mothers to run around picking up all their shit

 and is why men, when their partners die or leave them

look for another woman to take their place

 where most women when their partners die or leave

are quite happy to stop being nursemaids to men and don't bother dating men again",WotNoKetchup,2019-07-30 01:10:56,2019-07-30 01:10:58,/r/FemaleDatingStrategy/comments/cip1r7/the_primary_reason_that_many_men_feign_confusion/evdw747/,t1_evbqpdr,FemaleDatingStrategy,1
1030,reasonable = compliant,WotNoKetchup,2019-07-30 01:06:15,2019-07-30 01:06:15,/r/FemaleDatingStrategy/comments/cip1r7/the_primary_reason_that_many_men_feign_confusion/evdvt8c/,t1_evanaxb,FemaleDatingStrategy,1
1031,"&gt; Its funny. This post STARTED about excluding men from femenism

lol, you don't even know how to spell the word feminism let alone know what it actually means!

&gt;Even now men are so starved for such affection that the doll industry is exploding.

 yeah that is what happens with inflatable dolls

 they explode",WotNoKetchup,2019-07-30 00:54:37,2019-07-30 00:54:38,/r/FemaleDatingStrategy/comments/cj026n/if_your_feminism_excludes_men_its_feminism_well/evduup8/,t1_evczshj,FemaleDatingStrategy,1
1032,"lol bro projection much?

Who said anything about sexually assault?

I plan to leave Millennial women alone to their own devices (aka feminism) and I plan to wait and see how Gen Z is.

Push comes to shove - I‚Äôll continue living my own life and doing my own thing with my family and friends. Dating, marriage - none of that is mandatory. And frankly with this generation of women - it‚Äôs not worth it.

Seriously how can you look at the current sexual/gender/marriage/divorce/family courts climate and advise me to date or marry?",theycallmeiago,2019-07-29 22:11:46,2019-07-29 22:11:47,/r/FemaleDatingStrategy/comments/cip1r7/the_primary_reason_that_many_men_feign_confusion/evdhevo/,t1_evdg41f,FemaleDatingStrategy,1
1033,So you‚Äôre planning to sexually assault the next generation because women your age want you to ask them before forcing your ragged decrepit body in their direction.,TheOGJammies,2019-07-29 21:56:53,2019-07-29 21:56:55,/r/FemaleDatingStrategy/comments/cip1r7/the_primary_reason_that_many_men_feign_confusion/evdg41f/,t1_evdci5t,FemaleDatingStrategy,1
1034,Bro who says I can‚Äôt? I CAN - I just don‚Äôt want them lol. That‚Äôs the thing - it‚Äôs very easy to play their game. It‚Äôs just simply not a fun game,theycallmeiago,2019-07-29 21:17:18,2019-07-29 21:17:21,/r/FemaleDatingStrategy/comments/cip1r7/the_primary_reason_that_many_men_feign_confusion/evdci5t/,t1_evdbkcr,FemaleDatingStrategy,1
1035,"And yet Somehow you think Gen Z is going to put up with your old man nonsense when they don‚Äôt have to? 

If you can‚Äôt get a millennial woman who is a ‚Äúdesperate shriveled harpie‚Äù then what makes you think anyone younger would be bothered?",TheOGJammies,2019-07-29 21:07:01,2019-07-29 21:07:03,/r/FemaleDatingStrategy/comments/cip1r7/the_primary_reason_that_many_men_feign_confusion/evdbkcr/,t1_evchtqc,FemaleDatingStrategy,1
1036,"Im willing to wager you have never been pleaseured .
.
.
.
.
.
Ever",MissSally2010,2019-07-29 20:43:33,2019-07-29 20:43:34,/r/FemaleDatingStrategy/comments/cd9u2e/men_who_are_sluts_will_never_be_able_to_pleasure/evd9dak/,t1_ev92al1,FemaleDatingStrategy,1
1037,"Riiite kinda like when i hold the door for mt mother or sister. Or when I hold the door for hour electric scooter but your ass is still so fat you get stuck in the doorway. 

Dumb bitch",MissSally2010,2019-07-29 20:41:39,2019-07-29 20:41:40,/r/FemaleDatingStrategy/comments/cifw4t/chivalry_is_part_of_a_transactional_system_in/evd96s5/,t1_ev9hi76,FemaleDatingStrategy,1
1038,"Awwwe hunny was it something i said? 

Did the truth of reality finally hit you. Its ok just accuse Jimmy the barista of raping you, and you'll be a celebrity again.",MissSally2010,2019-07-29 19:52:48,2019-07-29 19:52:49,/r/FemaleDatingStrategy/comments/cj026n/if_your_feminism_excludes_men_its_feminism_well/evd4jyg/,t1_evcr7tw,FemaleDatingStrategy,1
1039,Lol üòÇüòÖü§£,Nosoycabra,2019-07-29 19:07:27,2019-07-29 19:07:29,/r/FemaleDatingStrategy/comments/ci7yp7/ladies_always_make_sure_your_side_piece_is_the/evd09za/,t3_ci7yp7,FemaleDatingStrategy,1
1040,"Again cunt, you missed the point. What are femenists doing aboit it. NOTHING because it doesnt serve them or their agenda. 


Look dog. Im going to be honest with you. In a few generations love bots will take over and replace your slippery cunts with actual loving intimacy. Even now men are so starved for such affection that the doll industry is exploding. 


Please spare me the shame. And shove that glass dildo right up your ass where it belongs. Because believe me, in a few genereations women will be even more useless than they already are. 


Its funny. This post STARTED about excluding men from femenism, which goes against its juvenile clames to be inclusive. Lol what a joke. You arent even on topic. 

Thats ok pet your kitty and have another glass of chardonnay. 

Dumb cunt",MissSally2010,2019-07-29 19:02:16,2019-07-29 19:02:17,/r/FemaleDatingStrategy/comments/cj026n/if_your_feminism_excludes_men_its_feminism_well/evczshj/,t1_evcr7tw,FemaleDatingStrategy,1
1041,"ok tyranny,no one asked your opinion, you are missing the point,most women in the sex work industry didn`t choose to become involved by themselves,most are victims of human trafficking or rape and will later turn addicts that will push them further into the hands of abusers.",sogol1990,2019-07-29 17:31:25,2019-07-29 17:31:26,/r/FemaleDatingStrategy/comments/cj026n/if_your_feminism_excludes_men_its_feminism_well/evcr7tw/,t1_evcpex3,FemaleDatingStrategy,1
1042,"Holy shit you missed the point and then some. But thats ok you can cherry pick topics and play the victim card all you want.  After all. Prostitution is still the oldest profession IN HISTORY. And what is feminism doing about that? 

Oh rite, its #metoo time. 
Remember. A prostitute needs a man like a femenist needs a fish riding a bike.",MissSally2010,2019-07-29 17:11:55,2019-07-29 17:11:56,/r/FemaleDatingStrategy/comments/cj026n/if_your_feminism_excludes_men_its_feminism_well/evcpex3/,t1_evcnvcs,FemaleDatingStrategy,1
1043,"Holy shit you missed the point and then some. But thats ok you can cherry pick topics and play the victim card all you want.  After all. Prostitution is still the oldest profession IN HISTORY. And what is feminism doing about that? 

Oh rite, its #metoo time. 
Remember. A prostitute needs a man like a femenist needs a fish riding a bike.",MissSally2010,2019-07-29 17:11:17,2019-07-29 17:11:19,/r/FemaleDatingStrategy/comments/cj026n/if_your_feminism_excludes_men_its_feminism_well/evcpcs4/,t3_cj026n,FemaleDatingStrategy,1
1044,"its not about equality, I dont want to be equal or inferior or superior to men,its about changing the way women are treated .


being sex positive is one of those things that male feminists have invented , porn and hook up culture have been used to degrade women and make them mere objects in the hands of men. no string attached sex will not be the same for most women as its for men(of course there are exceptions) .no matter how much they insist otherwise; most men will never respect women who have slept with them.",sogol1990,2019-07-29 16:55:42,2019-07-29 16:55:49,/r/FemaleDatingStrategy/comments/cj026n/if_your_feminism_excludes_men_its_feminism_well/evcnvcs/,t1_evasj72,FemaleDatingStrategy,1
1045,Agreed,Jgomezm2006,2019-07-29 16:15:22,2019-07-29 16:15:23,/r/FemaleDatingStrategy/comments/cialha/any_man_who_wont_pitch_in_with_household_chores/evcjy8x/,t3_cialha,FemaleDatingStrategy,1
1046,"You sound old.

Most girls date guys older than them. Some girls date guys a lot older than them. Yes - it will be a little tougher swinging it - but still a lot better than dealing with the shriveled harpies that Millennial women are becoming.",theycallmeiago,2019-07-29 15:52:27,2019-07-29 15:52:41,/r/FemaleDatingStrategy/comments/cip1r7/the_primary_reason_that_many_men_feign_confusion/evchtqc/,t1_evc9vdv,FemaleDatingStrategy,1
1047,You think Gen Z is going to be *less* feminist than millennial woman somehow? You‚Äôre going to end up on an Instagram video called ‚Äúold creep keeps hanging out at high school‚Äù.,TheOGJammies,2019-07-29 14:22:41,2019-07-29 14:22:42,/r/FemaleDatingStrategy/comments/cip1r7/the_primary_reason_that_many_men_feign_confusion/evc9vdv/,t1_evbqpdr,FemaleDatingStrategy,1
1048,acc 23 days old. hmmm.,packenjojo,2019-07-29 10:25:13,2019-07-29 10:25:14,/r/FemaleDatingStrategy/comments/cip1r7/the_primary_reason_that_many_men_feign_confusion/evbv1zl/,t1_evbqpdr,FemaleDatingStrategy,1
1049,"It‚Äôs not really a contest. As men get older their dating pool widens. This is not true for women.

All we have to do is ignore millennial women lol",theycallmeiago,2019-07-29 08:39:25,2019-07-29 08:39:26,/r/FemaleDatingStrategy/comments/cip1r7/the_primary_reason_that_many_men_feign_confusion/evbqpdr/,t1_evbqgtv,FemaleDatingStrategy,1
1050,"Or, you know, just open up your mouth and communicate like and adult. Don‚Äôt just force yourself on people and hope they go with it. This is basic.",TheOGJammies,2019-07-29 08:34:44,2019-07-29 08:34:45,/r/FemaleDatingStrategy/comments/cip1r7/the_primary_reason_that_many_men_feign_confusion/evbqifv/,t1_evamigk,FemaleDatingStrategy,1
1051,If you‚Äôre looking for a stand-off of which sex can live without the other the longest I got some bad news for you,TheOGJammies,2019-07-29 08:33:40,2019-07-29 08:33:40,/r/FemaleDatingStrategy/comments/cip1r7/the_primary_reason_that_many_men_feign_confusion/evbqgtv/,t1_evanaxb,FemaleDatingStrategy,1
1052,Riiiiiite,MissSally2010,2019-07-29 05:09:11,2019-07-29 05:09:13,/r/FemaleDatingStrategy/comments/cguzh8/men_hate_intelligent_women_that_is_why_they_dont/evbgwp4/,t1_eva9omd,FemaleDatingStrategy,1
1053,Thank you for the heads up. It does sound like a female incel.,theycallmeiago,2019-07-29 00:03:14,2019-07-29 00:03:15,/r/FemaleDatingStrategy/comments/cip1r7/the_primary_reason_that_many_men_feign_confusion/evavrgk/,t1_evaufun,FemaleDatingStrategy,1
1054,"just ignore this reddit btw, it is ran by one person on mutiple accs just to annoy people",packenjojo,2019-07-28 23:45:37,2019-07-28 23:45:38,/r/FemaleDatingStrategy/comments/cip1r7/the_primary_reason_that_many_men_feign_confusion/evaufun/,t1_evanaxb,FemaleDatingStrategy,1
1055,"it is so obvious, all accs are made between 1 and 2 months ago",packenjojo,2019-07-28 23:36:26,2019-07-28 23:36:28,/r/FemaleDatingStrategy/comments/cfejtm/women_are_really_deluded_into_being_okay_with/evatqfa/,t1_euazx9p,FemaleDatingStrategy,1
1056,"If you cant understand that equality by DEFENITION, includes both MEN and WOMEN...

(I know sounds crazy rite?)

...then you are just another dumb feminist cunt.",MissSally2010,2019-07-28 23:20:39,2019-07-28 23:20:40,/r/FemaleDatingStrategy/comments/cj026n/if_your_feminism_excludes_men_its_feminism_well/evasj72/,t3_cj026n,FemaleDatingStrategy,1
1057,Females forget how strong a male actually is. If you get attacked you need to hope your respons is good aka not freezing.,packenjojo,2019-07-28 22:33:50,2019-07-28 22:33:50,/r/FemaleDatingStrategy/comments/che7mf/how_to_handle_a_mugger_rapist_or_any_spermoid/evaotw7/,t1_euu9zup,FemaleDatingStrategy,1
1058,Lol. The blown out vag is back. Went away for some lab surgery to stitch that meat sack back together.  Too many rides on the carousel.  Hope it lost some weight to...pass that meat football.,Crossed_Rubicon,2019-07-28 22:17:54,2019-07-28 22:17:55,/r/FemaleDatingStrategy/comments/cipdyg/sorry_about_the_troll_infestation/evanjtl/,t3_cipdyg,FemaleDatingStrategy,1
1059,"It‚Äôs interesting how no one really thinks these things through.

Oh well, we will just wait for the next generation of women and see if they‚Äôre reasonable. It‚Äôs not like we can‚Äôt keep ourselves busy/entertained without the craziness of relationships.",theycallmeiago,2019-07-28 22:14:57,2019-07-28 22:14:57,/r/FemaleDatingStrategy/comments/cip1r7/the_primary_reason_that_many_men_feign_confusion/evanaxb/,t1_evamigk,FemaleDatingStrategy,1
1060,"yeah true, I always take a contract with me that need to be signed when i want to have sex.",packenjojo,2019-07-28 22:05:23,2019-07-28 22:05:24,/r/FemaleDatingStrategy/comments/cip1r7/the_primary_reason_that_many_men_feign_confusion/evamigk/,t1_eva0cuz,FemaleDatingStrategy,1
1061,"If your reaction is straight up homophobia, you might nedd to reconsider your life choices.",packenjojo,2019-07-28 22:03:27,2019-07-28 22:03:28,/r/FemaleDatingStrategy/comments/cipx2h/men_are_not_simple_and_neither_are_they_easy_to/evamcng/,t1_eva8qlg,FemaleDatingStrategy,1
1062,Done. üôÇ,rainisthelife,2019-07-28 21:09:35,2019-07-28 21:09:36,/r/FemaleDatingStrategy/comments/ciq27p/men_need_to_keep_hating_and_hurting_women_in/evahz4w/,t1_evaaqvt,FemaleDatingStrategy,1
1063,"Men didn‚Äôt just give women equal rights, women fought for it and basically took it. And now we have bitchbaby men like you crying about no longer being able to control women and fantasizing about the time when women were dependent stay at home doormats that you could cheat on and abuse. 

Also, surveys actually show that marriage benefits men more than women, and married men are happier than single men. It‚Äôs why men take divorce so badly and divorced men are more likely to kill themselves from the loneliness. Women know that no man is worthy enough to kill herself over. 

So many men are sexual rejects desperate to get laid or even get a modicum of female attention because women realized that men are mostly useless and being nothing to the table but failure and stupidity. Most of the fat, balding, ugly loser incels like yourself can continue to self trigger yourselves about what women are doing with their bodies and their lives. No one cares about the opinions of retards. Bye.",rainisthelife,2019-07-28 20:44:34,2019-07-28 20:44:37,/r/FemaleDatingStrategy/comments/ciq27p/men_need_to_keep_hating_and_hurting_women_in/evaful7/,t1_ev9ih01,FemaleDatingStrategy,1
1064,"Men always try to act like the demands they make are simple or easy to achieve. Sometimes even just gathering the desire/libido enough to sleep with them, is a lot of work.",makingballoons,2019-07-28 20:33:51,2019-07-28 20:33:52,/r/FemaleDatingStrategy/comments/cipx2h/men_are_not_simple_and_neither_are_they_easy_to/evaexuc/,t3_cipx2h,FemaleDatingStrategy,1
1065,üòÇ,rainisthelife,2019-07-28 20:31:10,2019-07-28 20:31:12,/r/FemaleDatingStrategy/comments/cipx2h/men_are_not_simple_and_neither_are_they_easy_to/evaepi8/,t1_eva8qlg,FemaleDatingStrategy,1
1066,Lol so many low IQ men on this sub.,rainisthelife,2019-07-28 20:30:57,2019-07-28 20:30:59,/r/FemaleDatingStrategy/comments/cipx2h/men_are_not_simple_and_neither_are_they_easy_to/evaeov5/,t1_ev9iema,FemaleDatingStrategy,1
1067,"so? you operate under the assumption i 1) want kids, 2) want a LTR/marriage. i dont.",Danielle_Baptiste,2019-07-28 19:49:13,2019-07-28 19:49:15,/r/FemaleDatingStrategy/comments/cd5zju/the_beauty_standards_imposed_on_women_are_a/evab5ig/,t1_etsog2i,FemaleDatingStrategy,1
1068,"um, sweetie, get real. women reject marriage left and right. and no, we dont need men. fck off with your silly revenge fantasy, you social and sexual reject. you pathetic excuse of a man. drown in your semen, manlet.",le-wrong-biatch,2019-07-28 19:45:44,2019-07-28 19:45:45,/r/FemaleDatingStrategy/comments/ciq27p/men_need_to_keep_hating_and_hurting_women_in/evaautg/,t1_ev9ih01,FemaleDatingStrategy,1
1069,"u/rainisthelife, please ban this sexual failure.",le-wrong-biatch,2019-07-28 19:44:27,2019-07-28 19:44:29,/r/FemaleDatingStrategy/comments/ciq27p/men_need_to_keep_hating_and_hurting_women_in/evaaqvt/,t1_ev9ih01,FemaleDatingStrategy,1
1070,Remember that statistically women do better in female only enviroments and men do worse in male only enviroments. We don‚Äôt need them they need us.,BluntCunt5,2019-07-28 19:32:02,2019-07-28 19:32:03,/r/FemaleDatingStrategy/comments/cguzh8/men_hate_intelligent_women_that_is_why_they_dont/eva9omd/,t1_eulg71n,FemaleDatingStrategy,1
1071,Remember that statistically women do better in female only enviroments and men do worse in male only enviroments. We don‚Äôt need them they need us.,BluntCunt5,2019-07-28 19:31:50,2019-07-28 19:31:51,/r/FemaleDatingStrategy/comments/cguzh8/men_hate_intelligent_women_that_is_why_they_dont/eva9o13/,t1_eup6z83,FemaleDatingStrategy,1
1072,"oh, look, a dumb faggot.",a_private_woman,2019-07-28 19:20:47,2019-07-28 19:20:48,/r/FemaleDatingStrategy/comments/cipx2h/men_are_not_simple_and_neither_are_they_easy_to/eva8qlg/,t1_ev9qhfn,FemaleDatingStrategy,1
1073,Interesting point; thanks for sharing. Should women have to ask for affirmative consent as well?,theycallmeiago,2019-07-28 17:41:26,2019-07-28 17:41:27,/r/FemaleDatingStrategy/comments/cip1r7/the_primary_reason_that_many_men_feign_confusion/eva0cuz/,t3_cip1r7,FemaleDatingStrategy,1
1074,"I can see how you would form that opinion if your exposure to the canon of male thought consists of The Big Bang Theory and overherad conversations in a Home Depot parking lot.

Did you know Sappho was a man?",flytape_casualty,2019-07-28 15:44:44,2019-07-28 15:44:47,/r/FemaleDatingStrategy/comments/cipx2h/men_are_not_simple_and_neither_are_they_easy_to/ev9qhfn/,t1_ev8gq1z,FemaleDatingStrategy,1
1075,"I read your list, none of that is me... damn I must be a unicorn. What else you got?",flytape_casualty,2019-07-28 15:33:40,2019-07-28 15:33:41,/r/FemaleDatingStrategy/comments/cfk7g0/yes_all_men/ev9pjyw/,t1_ev2cdtz,FemaleDatingStrategy,1
1076,Same reason as women.,Username1642,2019-07-28 15:23:10,2019-07-28 15:23:12,/r/FemaleDatingStrategy/comments/cd2bdv/question_why_are_men_so_angered_at_the_thought_of/ev9opaz/,t3_cd2bdv,FemaleDatingStrategy,1
1077,The fact that you believe this shows you have really bad boy problems or you took gender studies in college and were brainwashed to believe every feminist study you see. If 98% of men are rapists then every time you came out of your house someone would try to sexually assault you which is definitely not true. That also would mean a majority of men would be prosecuted with the me-too movement in full swing. Consider what studies mean before you believe them.,Mizhoki24,2019-07-28 14:15:15,2019-07-28 14:15:16,/r/FemaleDatingStrategy/comments/cipx2h/men_are_not_simple_and_neither_are_they_easy_to/ev9ja70/,t1_ev9is1s,FemaleDatingStrategy,1
1078,it is and there is nothing you can do about it. you have a penis hence you belong to the most toxic and hateful class in the world.,sunkissed-gal,2019-07-28 14:08:45,2019-07-28 14:08:47,/r/FemaleDatingStrategy/comments/cipx2h/men_are_not_simple_and_neither_are_they_easy_to/ev9is1s/,t1_ev9in8l,FemaleDatingStrategy,1
1079,98 percent of men do rape? Totally accurate üòÇ,Mizhoki24,2019-07-28 14:07:07,2019-07-28 14:07:09,/r/FemaleDatingStrategy/comments/cipx2h/men_are_not_simple_and_neither_are_they_easy_to/ev9in8l/,t1_ev9iema,FemaleDatingStrategy,1
1080,"No, we don't need to hurt you to be important. We still fill your urge to be a baby factory, make most of the money in a lot of relationships. Also before modern times of we left woman alone they would most likely die to some wild animal, then the children would die right after which can limit the population. For the longest time after we gave you equal rights a lot of woman still wanted to be in the house wife role until third wave feminism reared it's ugly head. Then of course you became corporate drones and you thotties that hit the wall and still expect a guy to settle for them. Marriage almost entirely benefits woman when it comes to the state and regardless if you put effort into the relationship a woman can still say ""you don't treat me right"" and take half your shit and the kids if you have any. Any sane person knows single mothers (especially white ones) raise brats that end up going to jail, and use their children to make people give them stuff.",Mizhoki24,2019-07-28 14:04:48,2019-07-28 14:04:49,/r/FemaleDatingStrategy/comments/ciq27p/men_need_to_keep_hating_and_hurting_women_in/ev9ih01/,t3_ciq27p,FemaleDatingStrategy,1
1081,"men dont lie about them, they exaggerate them. men commit rape at 98%, only 2% are false accusations. but menturds love making it inverse. typical male gaslighting and low IQ.",sunkissed-gal,2019-07-28 14:03:54,2019-07-28 14:03:55,/r/FemaleDatingStrategy/comments/cipx2h/men_are_not_simple_and_neither_are_they_easy_to/ev9iema/,t1_ev8qtoy,FemaleDatingStrategy,1
1082,"do men want to be chivalrous to unattractive women?


 two reason for chivalry : first they want to feel more powerful over hot women and second have justification for their creepy actions",sogol1990,2019-07-28 13:50:57,2019-07-28 13:50:59,/r/FemaleDatingStrategy/comments/cifw4t/chivalry_is_part_of_a_transactional_system_in/ev9hi76/,t3_cifw4t,FemaleDatingStrategy,1
1083,"Men are not our allies. They never will be, never have been. Once we actually gain some autonomy as women they‚Äôll turn on us like always. A parasite needs a host.",mis-Anne-drist,2019-07-28 12:57:41,2019-07-28 12:57:41,/r/FemaleDatingStrategy/comments/ci8g7s/ive_always_felt_that_men_have_been_projecting/ev9e5ar/,t1_ev39uwj,FemaleDatingStrategy,1
1084,"This comment is as dumb and as off-point as your life must be. 

I‚Äôm tired of your incel rambling and bitchbaby crying. Go and self trigger yourself elsewhere. 

Begone fatty!",rainisthelife,2019-07-28 12:46:02,2019-07-28 12:46:03,/r/FemaleDatingStrategy/comments/cipx2h/men_are_not_simple_and_neither_are_they_easy_to/ev9dhfi/,t1_ev8qtoy,FemaleDatingStrategy,1
1085,"This comment is as dumb and as off point as your life must be. 

....aaaand here we have the ramblings of an unhinged man who is clearly the product of years of sexual frustration and rejection. 

First you claim to have a gf, and now that you realize that your MGTOW beliefs do not tally with that, you‚Äôre now changing tune to rave about the benefits of being MGTOW. Lol it‚Äôs always funny when MGTOWers think they‚Äôre affecting anything, esp when everyone already knows that they‚Äôre men that claim to be going their own way but were actually sent away due to chronic sexual rejection. Which is why even though they claim to be going, all they do is remain obsessed with women, nag about women and screech about misandry and sexism. And IRL remain just as thirsty as ever for female attention. 

Lol you would fuck a sex doll because a sexdoll is the only thing that‚Äôll allow you to fuck her, particularly because she has no free will to run far away from your gross, obese body humping your micropenis and sweating all over her.

Also lol! By your logic, since you‚Äôre nuts about me being lonely and having cats, then it must mean that you‚Äôre the one actually with cats and you‚Äôre hoping that if I was lonely, you could finally get the female attention you‚Äôve been desperately searching for on this sub üòÇ Which, tbh, is not surprising, given the already established fact that you‚Äôre a failure with an imaginary gf. 

Lol you have no gf and you have no love of your life. Frankly, it‚Äôs sad to be this much of an internet loser desperately clinging to hope that anyone would see you as more than the sexual reject that you clearly are.

You‚Äôre clearly a fat, aged out and used up balding man who‚Äôs still nurturing the pot belly that he started developing in his 20‚Äôs. Your failure with women because you most likely repulse them is your own fault and I bet it was because you got to the peak height of thirst that you came here to bitch like you always do. 

Well done! ü§£",rainisthelife,2019-07-28 12:44:08,2019-07-28 12:44:09,/r/FemaleDatingStrategy/comments/cf0bo4/he_stupid/ev9ddns/,t1_ev8pi5v,FemaleDatingStrategy,1
1086,"I call you a retard because that‚Äôs precisely what you are. Esp now that you‚Äôre trying to backtrack when you notice that your initial comment was just bitchbaby crying about who women choose to sleep with. Nowhere does the original post say she was cheating. She‚Äôs just sleeping around with multiple people and your butthurt rage decided to call it being a slut. Definitely a retard that flip flops because he has no point. 

I‚Äôm extremely glad that more women are cheating on men and men like you come here to bitch about it clearly because they‚Äôve been used and cheated on multiple times. Your crying about it is as irrelevant as your life. 

Lol yes I‚Äôm sure your mother tells you you look good even as you‚Äôre too fat to fit through the stairs and huffing and puffing after walking to the kitchen. Why don‚Äôt you stuff your face some more fatty? üòÇ That pot belly isn‚Äôt going to grow itself, ya porker! 

Dude, I don‚Äôt even have to believe, because women are already overthrowing men. More women graduating colleges, more in leadership positions, while men pass laws that benefit women because men are dumb and thirsty and easy to control. More women sleeping around and cheating, and more making decisions for themselves that obviously hurt and anger men like you and cause you to obsess and bitch around in female subs desperately looking for attention. 

Frankly, your life is increasingly sad by the minute. No wonder you spend all of it here self triggering yourself about what women are doing with their bodies. There‚Äôs a reason you‚Äôre alone. This is it.",rainisthelife,2019-07-28 12:43:31,2019-07-28 12:43:32,/r/FemaleDatingStrategy/comments/cf0bo4/he_stupid/ev9dccx/,t1_ev8qcr4,FemaleDatingStrategy,1
1087,"funny and amazing, but this is scientifically true for excessive male masturbation, search(death grip) and you will know they will even lose their penile sensitivity.",sogol1990,2019-07-28 08:24:31,2019-07-28 08:24:32,/r/FemaleDatingStrategy/comments/cd9u2e/men_who_are_sluts_will_never_be_able_to_pleasure/ev92al1/,t3_cd9u2e,FemaleDatingStrategy,1
1088,It‚Äôs almost like they‚Äôre people. With their own lives and unique perspectives.,French_Bulldog,2019-07-28 07:57:37,2019-07-28 07:57:38,/r/FemaleDatingStrategy/comments/cipx2h/men_are_not_simple_and_neither_are_they_easy_to/ev9178t/,t3_cipx2h,FemaleDatingStrategy,1
1089,"That makes sense 

Do you have the references to the studies/surveys?",French_Bulldog,2019-07-28 07:53:40,2019-07-28 07:53:41,/r/FemaleDatingStrategy/comments/ciq9z4/dick_pics_survey_finds_that_men_who_send/ev911as/,t3_ciq9z4,FemaleDatingStrategy,1
1090,"Okay, do we lie about false rape allegations? Nah, that's you females. Y'all are the narcissists. Stop it. Lmao",Whatdoin27,2019-07-28 04:30:07,2019-07-28 04:30:07,/r/FemaleDatingStrategy/comments/cipx2h/men_are_not_simple_and_neither_are_they_easy_to/ev8qtoy/,t3_cipx2h,FemaleDatingStrategy,1
1091,"Oh, I'm the retard? Yet, you're here insinuating that I'm mad about who women choose to sleep with, which is not the case what so ever. Im against feminists and cheaters you dumb fucking bitch. That's a gigantic difference and you literally have the nerve to call me retarded dude? Fuck you. Lmao üòÇ

Again, you're obsessed with my appearance and shit again. I know I look good, but chill out. You're beginning to scare me. 

Secondly, you think it's only men who cheat? What fucking planet do you even live on?! Both sexes cheat, moron. Women have done this for centuries as well. Because of cheating women, that's how some wars even started. Look your history up. Instead of this self absorbed, bubble gum, fantasy feminist shit you're being fed, contribute to society and actually make a difference in the REAL way. 

Do you really believe females will run this? Do you really believe you all can overthrow men?! Ahahaha hahahahaha HAHAHAHAHAHAHAHA!!!

You're fucking crazy chick. Thank you for the laugh. You Nazis never disappoint. üòÇüòÇüòÇ",Whatdoin27,2019-07-28 04:22:24,2019-07-28 04:22:26,/r/FemaleDatingStrategy/comments/cf0bo4/he_stupid/ev8qcr4/,t1_ev8m01x,FemaleDatingStrategy,1
1092,"Sluts bother me because they're snakes. They act like they're about you and they betray you. Cowards. Traitors. 

It's obvious that you're the one here projecting. I'm a guitar teacher in real life. I'm 6ft and I'm often teased by being called John Wick by my loved ones a lot, so that gives you some semblance of my appearance. 

I'm nothing like you think I am. You're so mad because MGTOW refuses to be a part of your system, that's why you seem to hate on that sub a lot huh? You seem to be bothered that men are starting to realize that marriage is a lie, in full favoritism by women. You hate that you cannot manipulate us anymore. Which, I also blame those men for being that stupid to not see it. Also, I hardly comment on that sub. So if you're going to try to dig up people's past, correct your fucking facts, idiot. 

Another issue. I've never been married. Not once. Nor will I ever. Do you think I'm that stupid enough to lose my assets because a woman like you wishes to play the ""I'm suddenly not happy card""? Forget about it.

I wish I had the libido to jack off every hour. Hell, I'd seriously rather fuck a sex doll than to even be associated with a chick like you. That is literally how low I see you feminists. I've always wondered how badly it must suck having sex with a feminist. Hmm ü§î. 

Why are you so obsessed with the notion of me having/not having a girlfriend? Are you trying to get with me? Why are you on my nuts about that? That's honestly pretty weird dude, chill. 

I hate to be a prick, but I'd tell you hell no anyways. :) 

You've got nothing on the love of my life. NOTHING. You couldn't even begin to compare. 

Must suck being so desperate to shame guys. I'm definitely sure you reek of loneliness and cat litter now.",Whatdoin27,2019-07-28 04:09:01,2019-07-28 04:09:02,/r/FemaleDatingStrategy/comments/cf0bo4/he_stupid/ev8pi5v/,t1_ev8lpuz,FemaleDatingStrategy,1
1093,Preach sister,Preaching-The-Facts,2019-07-28 03:42:48,2019-07-28 03:42:48,/r/FemaleDatingStrategy/comments/ciq27p/men_need_to_keep_hating_and_hurting_women_in/ev8nugp/,t3_ciq27p,FemaleDatingStrategy,1
1094,"Hatred of you, we react to your hatred.

Please know that I respect your opinions but some of the post on your subreddit contain true facts but you women make a twist to try to one up men.

So stop trying to one up 67% of us on this app/site

Please know that I see women and men as equal but you kinda seem not to.",Jgomezm2006,2019-07-28 03:28:24,2019-07-28 03:28:25,/r/FemaleDatingStrategy/comments/c7hwym/roots_of_hatred/ev8mwup/,t1_etl6iy2,FemaleDatingStrategy,1
1095,Welcome back üòäüñ§üñ§üñ§,xXxEYERISxXx,2019-07-28 03:24:21,2019-07-28 03:24:22,/r/FemaleDatingStrategy/comments/cipdyg/sorry_about_the_troll_infestation/ev8mnc1/,t3_cipdyg,FemaleDatingStrategy,1
1096,"You have no friends and you have no girlfriend. You‚Äôre too obese and too much of a retard to sustain either. 

That‚Äôs why you‚Äôre triggering yourself about who women choose to sleep with. Frankly the fact that more women are dating and sleeping around hurts and triggers men, esp since men have been doing it for centuries, makes all this that much better. After you all have yourself a nice cry and bitch incessantly, you‚Äôll eventually shut up, stop making noise and women will keep cheating, if they choose.",rainisthelife,2019-07-28 03:14:40,2019-07-28 03:14:41,/r/FemaleDatingStrategy/comments/cf0bo4/he_stupid/ev8m01x/,t1_ev8g2rf,FemaleDatingStrategy,1
1097,"Lol its very obvious that the only ‚Äúgirlfriend‚Äù you have, is the imaginary one you conjure up when your mom yells at you to stop jerking off in your basement every other hour. You spend all your time commenting on MGTOW posts and desperately seeking female attention on subs like these. Because you‚Äôre a manlet that cries himself to sleep every night because he‚Äôs a sexual reject. 

I say the word incel a lot because that‚Äôs precisely what you are. You‚Äôre a short, morbidly obese incel that has remained a virgin because he‚Äôs clearly damaged and women recoil in disgust whenever you‚Äôre near them. Also, as the one that has used get back to the kitchen and cat insults multiple times now, you‚Äôre clearly projecting about lacking original thought. Your echo chamber with the rest of the MGTOW guys that you jerk off with in back alleys has obviously made you too much of a retard and too undesirable for any attention from a female. 

Sluts bother and trigger you because no one regards you as worthy enough to have sex with. All those thoughts you have about how useless you are, are all true. And I‚Äôm so so glad that I‚Äôm here to remind you of that ü§ó You‚Äôre welcome.",rainisthelife,2019-07-28 03:10:25,2019-07-28 03:10:26,/r/FemaleDatingStrategy/comments/cf0bo4/he_stupid/ev8lpuz/,t1_ev8gjfl,FemaleDatingStrategy,1
1098,As someone on this website once wrote : ‚Äúmen don‚Äôt care if you hate them as long as you fuck them‚Äù. Even watching a movie about a sex strike with a man can get you killed.,EarthMaiden77,2019-07-28 02:32:55,2019-07-28 02:32:57,/r/FemaleDatingStrategy/comments/c7hwym/roots_of_hatred/ev8j5re/,t1_etm984w,FemaleDatingStrategy,1
1099,Laaaaaaaaaame.,Whatdoin27,2019-07-28 02:20:45,2019-07-28 02:20:46,/r/FemaleDatingStrategy/comments/cipdyg/sorry_about_the_troll_infestation/ev8ibmd/,t3_cipdyg,FemaleDatingStrategy,1
1107,So when you say that kind of man is a master manipulator. Are you implying there are other types of men that aren‚Äôt master manipulators?,French_Bulldog,2019-07-31 21:24:57,2019-07-31 21:58:31,/r/FemaleDatingStrategy/comments/ckdacc/run_like_hell/evmhzwl/,t1_evmdsqa,FemaleDatingStrategy,1
1108,Literarily run like death is chasing you because that kind of man is what we call a master manipulator.,rainisthelife,2019-07-31 20:57:37,2019-07-31 21:31:16,/r/FemaleDatingStrategy/comments/ckdacc/run_like_hell/evmdsqa/,t3_ckdacc,FemaleDatingStrategy,0
1109,"Wow, this is awesome! Thank you for linking this here. Love reading stories like that. 

My joy is that women of this generation did not inherit the silence of their mothers üôå",rainisthelife,2019-07-31 20:56:18,2019-07-31 21:29:48,/r/FemaleDatingStrategy/comments/ckblj6/if_a_man_ever_told_you_blue_balls_causes_their/evmdl7n/,t3_ckblj6,FemaleDatingStrategy,1
1110,Glad you like it ‚ô•Ô∏è,rainisthelife,2019-07-31 20:27:57,2019-07-31 20:59:34,/r/FemaleDatingStrategy/comments/cipdyg/sorry_about_the_troll_infestation/evm92og/,t1_evirukh,FemaleDatingStrategy,1
1111,I want to purge those evil moids for you sweet children,goy88,2019-07-31 18:38:17,2019-07-31 19:00:35,/r/FemaleDatingStrategy/comments/cibsjm/im_only_a_bitch_to_someone_when_i_enforce/evlrk8r/,t1_evlmhvs,FemaleDatingStrategy,1
1112,"boo hoo, you really think men have that power? deluded failure. pathetic manlet with a pinky where a penis should have been. bald, fat, insecure, lowlife. i can sleep well at night knowing that you will die unloved, unfucked, alone. all alone. hope at least your mom still loves you.",InternalStarseed,2019-07-31 18:21:54,2019-07-31 18:42:48,/r/FemaleDatingStrategy/comments/chbwoc/i_find_it_hilarious_that_statistics_all_show_that/evlotgx/,t1_eut0t6v,FemaleDatingStrategy,1
1113,"it doesnt. it is men who perpetuate the myth, not women. men started it the moment women gained freedom. men are the ones crying about the wall, being used up , being unmarriageable, being childless as a crime against men, etc. not women.",InternalStarseed,2019-07-31 18:11:55,2019-07-31 18:31:56,/r/FemaleDatingStrategy/comments/chbwoc/i_find_it_hilarious_that_statistics_all_show_that/evln5i9/,t1_eut54s7,FemaleDatingStrategy,1
1114,why?,Manhater666,2019-07-31 18:08:02,2019-07-31 18:27:50,/r/FemaleDatingStrategy/comments/cibsjm/im_only_a_bitch_to_someone_when_i_enforce/evlmhvs/,t1_evgs1d6,FemaleDatingStrategy,1
1115,Everything you said.,Dogedoomofinternet,2019-07-31 16:44:32,2019-07-31 16:53:11,/r/FemaleDatingStrategy/comments/c9570y/dear_women_and_girls/evl81xv/,t1_est5mqi,FemaleDatingStrategy,1
1116,This sub is a blood bath does nobody moderate at all,behel1t,2019-07-31 15:19:01,2019-07-31 15:23:47,/r/FemaleDatingStrategy/comments/ceyqp6/dont_buy_the_women_hit_the_wall_at_25_incel_lie/evktxnb/,t3_ceyqp6,FemaleDatingStrategy,1
1117,"&gt;That's why they held all the power because they had all the damn responsibilities.

Yeah men owning women and girls as slaves was a huge responsibility for men!

Women being raped in marriage was a good pay off for women, after all the slaves got clothed &amp; fed &amp; a roofs over their heads!

 What did the sex slave have to complain about?. beaten into submission &amp; raped over and over again, forced to cook &amp; clean for men and no chance of escaping their man made prisons, but that was a good pay off for the woman, well in a culture that was only meant to promote the male, it was truly a paradise for her... more like a hell on earth

 ask Joseph Fritzls daughter ..she can confirm it all

Men act in dramas of their own making, the desire of men to be in total control of everything is the cause of war.

 The only role men want in their dramas is to be controllers &amp; the only role men want women to have is to be subservient to men and as observers of men &amp; then men acting in dramas of their own making, insist on taking bows &amp; demand applause for all their acting. 

The observers, are sick of the actors the story is always the same &amp; observe War is the failure of man, not an achievement.

Why don't you explain how men protected women, when men excluded women from every form of social power &amp; from being able to attend universities to become whatever their intelligence could have allowed them to be? or even to be jurors or judges or lawyers, or poloticians
---

 Men collectively only ever protected their own self interests &amp; they created cultures that sought to promote their male potential &amp; limited the females chances of realising theirs down to absolute zero 

 so men would always be at the forefront of everything &amp; so men would have ready made slaves to run around cleaning up after them and doing all their comestic drudgery jobs so men didn't have to be bothered with all that and were entirely frre to focus on themselves

Yeah it was back breaking work being a scientist, a politician, a judge a juror, 

 that is quite obviously why men all agreed with each other to exclude women from participating in such hard labour intensive jobs &amp; while women worked in factories men also decided it would be protecting women by denying them any promotion which was just a male privilege or equal pay

Lets call it what it is, just a sham, a feeble excuse to keep women in the only role men wanted them to be in, as it benefited men to run the show, &amp; keep women out.

Men don't want their patriarchal role to change, they don't want to be left holding the baby, when there are far more interesting things to do like watching endless hours of hard core porn.. 

No, men want to be able to freely focus on their own potential &amp; careers while someone elses taske care of all their domestic chores for them... because men are little princes in their man's world and why else do women exist in their man's world if not for that?

Men take great pride in their traditional roles .. men have cultures that looks after men's self interests .. 

No being stuck at home with baby .. oh no .. that job is beneath men according to men but they don't believe it is beneath women

Men often shoot young girls in the head when those girls show a keen interest in getting an education after all if all girls are going go be cooks and cleaners for men, why do the girls need an education outside of that?

 it will only give girls expectations outside of their station and men have never actually ever been in favour in that.. 

""hey who will hold the baby if you women have careers? come on now, you women know we men are meant for greater things than that.. now shoo back to your prison cells and get cooking our dinners before we men shoot you in the head for your nerve for thinking you can escape us?""

 Men are notorious for burning and mutilating women and girls in India and men are infamous for denying females an education &amp; equal rights in many other countries across the world 

Men coerce women to kill their baby girls and encourage them to produce more and more males.

 Men coerce women to kill their children because they don't want to pay for their mistakes 

If you look close you will see the oppressors over there are the same as the ones over here and they are all one of the very same!

Men have an entire history of annihilating the image of the female to elevate the significance of their male own

 and men are still busily promoting the idea their labour is far more valuable than women's and ultimately their males selves are more valuable than women..",WotNoKetchup,2019-07-31 12:50:03,2019-07-31 12:50:14,/r/FemaleDatingStrategy/comments/cjqj6z/ladies_christianity_is_not_for_you/evk8gnd/,t1_evjwoad,FemaleDatingStrategy,1
1118,JESUS.... HOW MUCH FREE TIME DO HAVE TO WRITE ALL THIS? If you think men have opressed women to the level that you think they have... Then why not go work in coal mines instead of your air conditioned office.. For most of human history... This used to be the job of men. Most of them at least. That's why they held all the power because they had all the damn responsibilities.,IreneCarter92,2019-07-31 11:08:19,2019-07-31 11:08:31,/r/FemaleDatingStrategy/comments/cjqj6z/ladies_christianity_is_not_for_you/evjwoad/,t1_evjumne,FemaleDatingStrategy,1
1119,"Yeah but with regard to female goddesses 

the only thing men ever glorified about women 

were their bodies

something useful there for men to stick their bayonets in and twist the knife in.

 Men prayed for rain, men prayed for sons and preyed on women and girls

 and Devaluation of the girl and worship of their boys are the building blocks of all of men's male empires.

Joseph Fritzl worshipped his daughters body so much he encased it a shrine while she still was alive.

 Men owned women and girls and saw them as their male property

 to do with as they pleased, beating them, raping them, forcing them to cook and clean for them, forcing their male selves on them, forcing them to bear children and to create men male heirs, forcing them into corners, marginalising them and murdering them.. was all a male sport to men!

 who felt quite justified in punishing the female human

 because she wasn't born male in their man's world.. but a pushover who deserved all she got for trespassing in their man's world and bringing it into disrepute..

‚ÄúIt was a fact generally acknowledged by all but the most contumacious spirits at the beginning of the seventeenth century that woman was the weaker vessel; weaker than man, that is. .

That was the way God had arranged Creation, sanctified in the words of the Apostle. 
---

**Under the common law of England at the accession of King James I, no female had any rights at all (if some were allowed by custom). As an unmarried woman her rights were swallowed up in her father's, and she was his to dispose of in marriage at will. **

Once she was married her property became absolutely that of her husband. What of those who did not marry? Common law met that problem blandly by not recognizing it. In the words of The Lawes Resolutions [the leading 17th century compendium on women's legal status]: 'All of them are understood either married or to be married.' 
---

In 1603 England, in short, still lived in a world governed by feudal law, where a wife passed from the guardianship of her father to her husband; her husband also stood in relation to her as a feudal lord.‚Äù
---

 Antonia Fraser, The Weaker Vessel",WotNoKetchup,2019-07-31 10:49:13,2019-07-31 10:49:23,/r/FemaleDatingStrategy/comments/cjqj6z/ladies_christianity_is_not_for_you/evjumne/,t1_evj8v3y,FemaleDatingStrategy,1
1120,Who told you to try them all? I've had only 2.,IreneCarter92,2019-07-31 07:24:01,2019-07-31 07:24:12,/r/FemaleDatingStrategy/comments/cfk7g0/yes_all_men/evj93de/,t3_cfk7g0,FemaleDatingStrategy,1
1121,God isn't a man or a woman. God doesn't have any shape or form. It's us who made God a 'He'. There have been many cultures across the world who had  Goddesses as well as Gods.,IreneCarter92,2019-07-31 07:21:46,2019-07-31 07:21:57,/r/FemaleDatingStrategy/comments/cjqj6z/ladies_christianity_is_not_for_you/evj8v3y/,t1_evfv3xr,FemaleDatingStrategy,1
1122,"Once again don't waste your fucking time. But cmon your going to respond like ""oh men are too stupid to understand"" or ""did momma not teach your enough"". Am I correct. Your just going to keep being sexist.",ttucker2016,2019-07-31 05:04:52,2019-07-31 05:05:03,/r/FemaleDatingStrategy/comments/ci8g7s/ive_always_felt_that_men_have_been_projecting/eviu6ti/,t1_evitv2w,FemaleDatingStrategy,1
1123,"You don't know me you never meet me but since I'm a guy you hate me for some reason. In fact ImDrawingABlank you tell me personally why you hate men. Don't say ""Because I think you are"" no I want to hear your reason why you become such a hatred person. A legitimate reason.",ttucker2016,2019-07-31 05:01:58,2019-07-31 05:02:09,/r/FemaleDatingStrategy/comments/ci8g7s/ive_always_felt_that_men_have_been_projecting/evitv2w/,t1_evith6l,FemaleDatingStrategy,1
1124,"You proved it . Thank you again. I'm rambling really I'm making a point but you just respond like "" oh poor man"". My point is important  because sexists like you disgust me. Look at yourself I haven't called you one name. 
But you oh ""poor men"" or ""you male ego can't grasp that concept"". What is name calling me gonna do little girl. It shows how much of sexist piece of she you are. I haven't called you one name, I've been civil you haven't. Take a good look at yourself, you think calling some random guy on the internet names is going to make you feel better.",ttucker2016,2019-07-31 04:57:34,2019-07-31 04:57:45,/r/FemaleDatingStrategy/comments/ci8g7s/ive_always_felt_that_men_have_been_projecting/evith6l/,t1_evihfty,FemaleDatingStrategy,1
1125,This is the best sub tbh,tedrap,2019-07-31 04:40:26,2019-07-31 04:40:37,/r/FemaleDatingStrategy/comments/cipdyg/sorry_about_the_troll_infestation/evirukh/,t3_cipdyg,FemaleDatingStrategy,1
1126,"If you wanna good read about a woman saying screw you to God Look up the story of Lilith, it‚Äôs a rather good read.",RebeccaDrake06,2019-07-31 04:23:08,2019-07-31 04:23:19,/r/FemaleDatingStrategy/comments/cjqj6z/ladies_christianity_is_not_for_you/evipvyd/,t3_cjqj6z,FemaleDatingStrategy,1
1127,"No, it means I'm not going to waste my time reading the incoherent ramblings of some whiny guy on the internet that thinks his opinion is so important that he comes and writes a novel about in a subreddit FOR WOMEN.

This isn't the place to wax poetic about how unfair things are for poor, poor, men. I guess your male ego can't grasp that concept, though.",ImDrawlingAblank,2019-07-31 03:11:48,2019-07-31 03:11:59,/r/FemaleDatingStrategy/comments/ci8g7s/ive_always_felt_that_men_have_been_projecting/evihfty/,t1_evi4gln,FemaleDatingStrategy,1
1128,Since you have no valid argument. Don't waste your fucking time typing something.,ttucker2016,2019-07-31 01:36:38,2019-07-31 01:36:49,/r/FemaleDatingStrategy/comments/ci8g7s/ive_always_felt_that_men_have_been_projecting/evi4qcm/,t1_evi4gln,FemaleDatingStrategy,1
1129,Just proving my point. Since you have nothing positive to counterargument my statement that proves I'm right. Thank you and have a good day.,ttucker2016,2019-07-31 01:34:35,2019-07-31 01:34:47,/r/FemaleDatingStrategy/comments/ci8g7s/ive_always_felt_that_men_have_been_projecting/evi4gln/,t1_evhx820,FemaleDatingStrategy,1
1130,"Nobody fucking cares, dude! You've just wasted your time writing a novel that nobody is going to read!",ImDrawlingAblank,2019-07-31 00:39:49,2019-07-31 00:40:11,/r/FemaleDatingStrategy/comments/ci8g7s/ive_always_felt_that_men_have_been_projecting/evhx820/,t1_evgiah8,FemaleDatingStrategy,1
1131,I‚Äôm a male... does that make me a bad person?,WillT0Live,2019-07-31 00:15:19,2019-07-31 00:15:30,/r/FemaleDatingStrategy/comments/cfk7g0/yes_all_men/evhtwdz/,t1_ev2cdtz,FemaleDatingStrategy,1
1132,"Oh what I'm getting here is that of a man did this to a women, he would be shamed but a women can break a guys heart, steal his assists and then use him to be more financially sound in life. Really, that's shitty. Women can emotionally manipulate a man but if a man does that damn he's going to hell. You can call me a ""mantard"" or a ""manlet"" or say ""momma didn't take care of you enough"" but in saying that, it doesn't help your case of being sexist. If you want to make a point in women superiority you should make this subreddit on postitive things Women have done instead of bashing men. Wouldn't that make more sense because all I'm getting here is that women can pieces of shit to men because it's ok because apparently Men don't have feelings.",ttucker2016,2019-07-31 00:00:30,2019-07-31 00:00:41,/r/FemaleDatingStrategy/comments/ci7fea/ladies_never_ever_marry/evhrx1u/,t1_eveh3vu,FemaleDatingStrategy,1
1133,You‚Äôre clearly too unstable to be on the internet. Literally on the verge on an emotional breakdown over here. Take your bitchbaby crying to the incel retard echo chamber that you crawled out from.,rainisthelife,2019-07-30 22:07:15,2019-07-30 22:07:27,/r/FemaleDatingStrategy/comments/cjqj6z/ladies_christianity_is_not_for_you/evhczih/,t1_evf70lb,FemaleDatingStrategy,1
1134,"Awe the rape victim is now a sex therapist. 

Why are you still alive?",MissSally2010,2019-07-30 22:04:28,2019-07-30 22:04:39,/r/FemaleDatingStrategy/comments/cf7lls/the_friend_zone_was_created_by_men_because_they/evhclx0/,t1_evhav5z,FemaleDatingStrategy,1
1135,Just because nobody will have sex with you doesn‚Äôt mean women are your fuck machines sweetie.,kayasawyer,2019-07-30 21:51:43,2019-07-30 21:51:55,/r/FemaleDatingStrategy/comments/cf7lls/the_friend_zone_was_created_by_men_because_they/evhav5z/,t1_eu96h6r,FemaleDatingStrategy,1
1136,Thanks sweetheart.,kayasawyer,2019-07-30 21:49:26,2019-07-30 21:49:37,/r/FemaleDatingStrategy/comments/cjqj6z/ladies_christianity_is_not_for_you/evhajmc/,t1_evh5obk,FemaleDatingStrategy,1
1137,"Jesus is God 

The Holy Spirit is God

God is God",French_Bulldog,2019-07-30 21:13:10,2019-07-30 21:13:21,/r/FemaleDatingStrategy/comments/cjqj6z/ladies_christianity_is_not_for_you/evh5r0i/,t1_evfs43o,FemaleDatingStrategy,1
1138,Fuck you get raped today,MissSally2010,2019-07-30 21:12:30,2019-07-30 21:12:41,/r/FemaleDatingStrategy/comments/cjqj6z/ladies_christianity_is_not_for_you/evh5obk/,t1_evh513x,FemaleDatingStrategy,1
1139,Thank you. Have a nice day.,kayasawyer,2019-07-30 21:06:51,2019-07-30 21:07:03,/r/FemaleDatingStrategy/comments/cjqj6z/ladies_christianity_is_not_for_you/evh513x/,t1_evh4kqv,FemaleDatingStrategy,1
1140,"I cant believe how fucking stupid people can be. 1st off. Is it really worth arguing over. Oh riiiite, petty arguing is a career choice for women. Until proven wrong. Then they are victims. 



So tell me dumb ass. 

IF A GOD HAS A DAUGHTER IS SHE NOT CONSIDERED A GODDESS.

How can you be so witless.  
Ya but jesus was a man so that doesnt count. None of this counts unless its convenient for my agenda. 


Honestly some bitches deserve the abuse they get",MissSally2010,2019-07-30 21:03:07,2019-07-30 21:03:18,/r/FemaleDatingStrategy/comments/cjqj6z/ladies_christianity_is_not_for_you/evh4kqv/,t1_evh0ph0,FemaleDatingStrategy,1
1141,You said it yourself: **the son of god** meaning he is not god. Thank you have a nice day.,kayasawyer,2019-07-30 20:32:21,2019-07-30 20:32:33,/r/FemaleDatingStrategy/comments/cjqj6z/ladies_christianity_is_not_for_you/evh0ph0/,t1_evftgug,FemaleDatingStrategy,1
1142,Plz I want to be a mod here,goy88,2019-07-30 19:28:52,2019-07-30 19:29:04,/r/FemaleDatingStrategy/comments/cibsjm/im_only_a_bitch_to_someone_when_i_enforce/evgs1d6/,t3_cibsjm,FemaleDatingStrategy,1
1143,Im not preaching you grade 1 level cunt,MissSally2010,2019-07-30 18:35:36,2019-07-30 18:37:52,/r/FemaleDatingStrategy/comments/cjqj6z/ladies_christianity_is_not_for_you/evgkljn/,t1_evgdkbc,FemaleDatingStrategy,1
1144,"I'm defending the post because I assume OP had issues with men. Which is why she said "" I felt"". I just want OP to know the some men are happier and have more purpose when single. They or we sometimes feel more powerful when we are single. We have more options in financias and daily life. If I learned anything from my parents it's that my mom has more power then my dad. If my mom is in a bad mood from work or life and if she's want to go to Bashas(Arizona grocery store, only locations are here in Az) with my Dad and he wants to go to the sports bar, hell he will always do what she wants when she's mad. My mom has most of the power when deciding on where to eat and places for vacation. Same true with my Aunt and Uncle on my moms side. He wanted to go back East and She wanted to go to Hawaii, well we went to Hawaii because my Uncle didn't want to make her hate vacation. What I'm saying is I can totally see men wanting to get married to have control over their spouses. But in my family the men didn't marry for power. In fact they have a lot less power now that their married then if they were ever single. Don't get me wrong my parents and my aunt and uncle are both happy with each other. But in my family the Women have more control.",ttucker2016,2019-07-30 18:21:06,2019-07-30 18:23:05,/r/FemaleDatingStrategy/comments/ci8g7s/ive_always_felt_that_men_have_been_projecting/evgiah8/,t1_evgf35n,FemaleDatingStrategy,1
1145,"Nope that's now what I'm saying at all. I had a childhood friend who was a girl, Taylor. Nicest person I have ever meet. She showed me compassion and kindness and I showed empathy back. My endgame wasn't to ""fuck her or have sex with her"" it was to have a friend that actually cared for me. And that's what your missing, that's what this subreddit is missing. Sexist men and women don't know the value of boy and girl friendships because men think the women is inferior and women think the men is just in it for the sex. And that's not true and that's what disgusts me. Shes like a sister to me and I'll be damned if anything happened to her, but no you think men like me just want to dominate her. Really are you kidding me, some of us just want to be shown kindness in a none sexual manner. She will always be my friend, I'm there for her and she's there for me. How it should me. Also yes men do get put away for false accusations, look at the scootsboro trials. I'm not saying guys like Brock Turner getting release is good in fact I think the fucker should rot in hell. I'm saying the double standard. What happens if the guy died during sex, she wouldn't be charged the man will always be considered ""weak for dying"". Their are people who basically get away with rape, which is terrible but their are also men who are falsely convicted. I literally stumbled on a video on Reddit where it shows a girl holding a knife to her boyfriends thoart, while he's scared shitless I honestly believe nothing will happen to her, because ""Guys can't get harassed or assaulted by women"". Once again I'm not pro-rape so don't say that. I'm making my point on the original statement.",ttucker2016,2019-07-30 18:00:57,2019-07-30 18:03:18,/r/FemaleDatingStrategy/comments/ci8g7s/ive_always_felt_that_men_have_been_projecting/evgf35n/,t1_evff08f,FemaleDatingStrategy,1
1146,I feel sad for you. This is some grade A level brainwashing.,TheOGJammies,2019-07-30 17:51:35,2019-07-30 17:53:36,/r/FemaleDatingStrategy/comments/cjqj6z/ladies_christianity_is_not_for_you/evgdkbc/,t1_evf70lb,FemaleDatingStrategy,1
1147,"Men are all godlike you know and they created their male god in their own image and gave him all their male tantrum mentality?

but still men are incapable of creating even one of their male selves

 without first hijacking the female body to incubate their male DNA in and use all her female resources and all her time and energy to realise their male kind

it's the Jesus story

 By Goddess God ain't as great as women is he?
 
God is really up his own arse hallucinating on his own toxic waste, power tripping, side stepping all reality to create his own little fantasy world 

 Yes, men declared the female human their inferior and viewed her as cattle, livestock, fit only for domestic and sexual slavery and compulsory reproduction in men's male empires

 outside of that men viewed her as a worthless nothing to them..

 and men also declared the female was a gift given to men from their benevolent male god, something at hand men so men could all unite as one against and punch and maul and crawl all 0ver for a male sport..
God gave men a xmas gift of essentially a punch bag, a rag doll to throw against the wall and smash down, so men could all feel good about their male selves in their man's world.. according to men.

Men's entire history is a hate crime committed against women and girls and all their male religions promote that very thing 

 men's annihilation of the image of the female human.. in every way possible.

 You are not born male in men's male empires and that is the crime there and you will be severely punished for it..",WotNoKetchup,2019-07-30 15:49:14,2019-07-30 15:49:25,/r/FemaleDatingStrategy/comments/cjqj6z/ladies_christianity_is_not_for_you/evfv3xr/,t3_cjqj6z,FemaleDatingStrategy,1
1148,"Are you fuckkng crazy. Holy fucking hell. Ok fine ill pretend your ignorant un educated statement is correct. For now. 

Then guess what bitch. He was a MAN. A NORMAL MAN LIKE ALM THE REST OF US. 

SO WHY DID NO FEMENIST BITCH WOMAN DEFEND THESE WOMEN. WHY DID A ""NON GOD MAN"" RISK HIS LIFE TO SAVE THEM FROM STONING. 


WHERE WERE THE WOMEN BITCH? oh thats rite they were to scared to defend their own but sly enough to attack men. 




Listen dumb ass jesus was concidered THE - SON -OF-GOD

you know books can educate....",MissSally2010,2019-07-30 15:37:26,2019-07-30 15:37:39,/r/FemaleDatingStrategy/comments/cjqj6z/ladies_christianity_is_not_for_you/evftgug/,t1_evfs43o,FemaleDatingStrategy,1
1149,Jesus is not God you idjit.,kayasawyer,2019-07-30 15:27:34,2019-07-30 15:27:46,/r/FemaleDatingStrategy/comments/cjqj6z/ladies_christianity_is_not_for_you/evfs43o/,t1_evf70lb,FemaleDatingStrategy,1
1150,"So what your saying is, the only time a man will treat a woman with empathy, is when he wants to fuck her, oops I mean care for her?

&gt;If a man ever slightly comes on to her, hell the entire nation will be all over it. The man is in Jail forever.

You have one hell of a delusional mindset. In what world do men go to jail ""forever"" for simply coming on to a woman? Not this one. 

In this world, [convicted violent rapists get 3 months in jail](https://www.cnn.com/2016/09/02/us/brock-turner-release-jail/index.html) and some probation and men [get away with murder](https://pix11.com/2017/05/23/man-claiming-girlfriend-accidentally-choked-to-death-during-oral-sex-found-not-guilty-of-murder/) by claiming the death was a result of rough sex.",ImDrawlingAblank,2019-07-30 13:50:37,2019-07-30 13:50:48,/r/FemaleDatingStrategy/comments/ci8g7s/ive_always_felt_that_men_have_been_projecting/evff08f/,t1_evehoi8,FemaleDatingStrategy,1
1151,We live in a society,facu88,2019-07-30 13:24:07,2019-07-30 13:24:18,/r/FemaleDatingStrategy/comments/bqjd40/yikes_this_sub_is_toxic/evfc0xw/,t1_eo541py,FemaleDatingStrategy,1
1152,Why is this stickied?,ImDrawlingAblank,2019-07-30 13:07:03,2019-07-30 13:07:14,/r/FemaleDatingStrategy/comments/ci7yp7/ladies_always_make_sure_your_side_piece_is_the/evfa60m/,t3_ci7yp7,FemaleDatingStrategy,1
1153,"Kinda like that whore that was about to be stoned for adultry but the bearded hippy LITERALLY put his own life on the line to save her from stoning. 

Or the time he fucking raised a greiving farhers daughter FROM THE DEAD. 

But yeah. We will just glaze over that for convenience.  yaaaay FLEMINIZM.
GRRRL POWER.


LOL
#youtoo",MissSally2010,2019-07-30 12:35:37,2019-07-30 12:35:47,/r/FemaleDatingStrategy/comments/cjqj6z/ladies_christianity_is_not_for_you/evf70lb/,t1_evf3css,FemaleDatingStrategy,1
1154,"Any woman that actually believes the christian god described in the bible actually loves, or even likes women, is a fool.",ferretsandferraris,2019-07-30 11:50:30,2019-07-30 11:50:41,/r/FemaleDatingStrategy/comments/cjqj6z/ladies_christianity_is_not_for_you/evf3css/,t3_cjqj6z,FemaleDatingStrategy,1
2855,"You sound like an absolute man failure that gets rejected by every woman he approaches. No wonder you‚Äôre triggered by the truth of this post. Feel free to take your cry baby bitching elsewhere. 

Bye incel!",rainisthelife,2019-07-28 02:14:55,2019-07-28 02:14:56,/r/FemaleDatingStrategy/comments/cfk7g0/yes_all_men/ev8hwr8/,t1_eub59wq,FemaleDatingStrategy,1
2856,"actually, men are simple, it is their coping mechanisms and deliberate lies that make them seem complex. men are the true narcissists, nothing is ever their fault.  


i mean, how many times did men repeat how they are simple creatures, just make them balls empty and stomach full, something like that. ever noticed how they never mentioned emotional / spiritual / mental connections with women?? nah, they are simple and cannot ever achieve those heights.",Anti_trans_feminist,2019-07-28 01:57:59,2019-07-28 01:58:00,/r/FemaleDatingStrategy/comments/cipx2h/men_are_not_simple_and_neither_are_they_easy_to/ev8gq1z/,t3_cipx2h,FemaleDatingStrategy,1
2857,"I'm pretty sure I have a girlfriend, love. I'm pretty sure you have no idea how my life is. I've mentioned I'm in a relationship quite a few times on here already. I didn't just announce it you weirdo. 

The cool thing is, she's nothing like you females. She doesn't spread that feminist plague. She actually things with rationality and logic. That's why I like her. :)

So, since we are here assuming shit. I bet my left ball that you're fat and ugly as fuck. Probably one of those huge bitches with short hair and glasses. I bet you smell like ass. I bet you're completely invisible to dudes because they couldn't find your vagina if their lives depended on it. 

You seem to use the word ""incel"" a lot. This is why I can tell you aren't capable of individual thought. Because YOU SAY THE SAME SHIT! 

Do better, c'mon. This is getting boring. You suck at insults.",Whatdoin27,2019-07-28 01:55:18,2019-07-28 01:55:19,/r/FemaleDatingStrategy/comments/cf0bo4/he_stupid/ev8gjfl/,t1_ev8fl9x,FemaleDatingStrategy,1
2858,Lmao! This is actually really good advice lol,rainisthelife,2019-07-28 01:51:21,2019-07-28 01:51:23,/r/FemaleDatingStrategy/comments/ci7yp7/ladies_always_make_sure_your_side_piece_is_the/ev8g9f8/,t3_ci7yp7,FemaleDatingStrategy,1
2859,I don't go to bars. I actually have friends. I do other things.,Whatdoin27,2019-07-28 01:48:43,2019-07-28 01:48:44,/r/FemaleDatingStrategy/comments/cf0bo4/he_stupid/ev8g2rf/,t1_ev8ff36,FemaleDatingStrategy,1
2860,"Lol we both know you have nothing and you have no one. You spend your time on MGTOW subreddits raging against relationships and against women because you‚Äôre a lonely man failure and now you‚Äôre claiming you‚Äôre with someone? Lmao! You see why I call you a retard? Can‚Äôt even lie properly. 

Honestly, this is just getting sadder by the minute. I only assumed before, but now I‚Äôm definitely sure you‚Äôre an incel loser. Yikes.",rainisthelife,2019-07-28 01:41:53,2019-07-28 01:41:54,/r/FemaleDatingStrategy/comments/cf0bo4/he_stupid/ev8fl9x/,t1_ev8dsdx,FemaleDatingStrategy,1
2861,"Lol you got caught being a retard and now you‚Äôre trying to cover it up üòÇ That‚Äôs how stupid you are. Congratulations! 

Typical for manlet failures that spend their time triggering themselves over female subreddits, desperately looking for the attention that women IRL constantly deny them. 

Another girl rejected you at the bar last night after you bought her drinks huh? Thirsty af bitch boy",rainisthelife,2019-07-28 01:39:29,2019-07-28 01:39:30,/r/FemaleDatingStrategy/comments/cf0bo4/he_stupid/ev8ff36/,t1_ev8e1pg,FemaleDatingStrategy,1
2862,"Oh no, I just stooped to your level now. I saw that my intricate words flew right over your head, so I decided to use the same toxicity against you. 

I get a kick out of it on some occasions, so it's your lucky day love. 

Did your husband let you have extra time on the phone though? You never answered that. Was you a good girl. You must of made a bomb ass sandwich today. 

What kinda sandwiches do you make? Think you can make me one? :3",Whatdoin27,2019-07-28 01:20:13,2019-07-28 01:20:14,/r/FemaleDatingStrategy/comments/cf0bo4/he_stupid/ev8e1pg/,t1_ev8cmgh,FemaleDatingStrategy,1
2863,"I am! So sorry that I was gone for so long!! 

Thank you all for your contributions when I was away! ‚ô•Ô∏è",rainisthelife,2019-07-28 01:18:56,2019-07-28 01:18:57,/r/FemaleDatingStrategy/comments/cipdyg/sorry_about_the_troll_infestation/ev8dyg5/,t1_ev8dd3w,FemaleDatingStrategy,1
2864,Love this sub! ‚ù§Ô∏èKeep it up!,BarbieDontWantYouHoe,2019-07-28 01:17:39,2019-07-28 01:17:40,/r/FemaleDatingStrategy/comments/cipdyg/sorry_about_the_troll_infestation/ev8dv86/,t3_cipdyg,FemaleDatingStrategy,1
2865,Jokes on you chick. I'm happily with someone. I haven't used a dating site for about 2 years now I'd say. It's full of you pretentious bitches. Shit repulses me.,Whatdoin27,2019-07-28 01:16:31,2019-07-28 01:16:32,/r/FemaleDatingStrategy/comments/cf0bo4/he_stupid/ev8dsdx/,t1_ev8clui,FemaleDatingStrategy,1
2866,"yass, you are back! slay them manlets brigading our sub.",glitteryfemme,2019-07-28 01:10:27,2019-07-28 01:10:27,/r/FemaleDatingStrategy/comments/cipdyg/sorry_about_the_troll_infestation/ev8dd3w/,t3_cipdyg,FemaleDatingStrategy,1
2867,It‚Äôs the truth. It‚Äôs only sexism to you because you get triggered by the truth.,rainisthelife,2019-07-28 01:01:27,2019-07-28 01:01:29,/r/FemaleDatingStrategy/comments/ce4ruq/a_lot_of_men_interpret_politeness_from_women_as/ev8cpz0/,t1_ev88rt8,FemaleDatingStrategy,1
2868,"Lol! The retard that accuses me of lacking independent thought, is only capable of ‚Äúback to kitchen‚Äù insults. Are you always this stupid, or is this a one time event for you? 

You‚Äôre a sexual reject that is probably never going to amount to anything. Don‚Äôt forget to cry yourself to sleep again tonight!",rainisthelife,2019-07-28 01:00:04,2019-07-28 01:00:05,/r/FemaleDatingStrategy/comments/cf0bo4/he_stupid/ev8cmgh/,t1_ev8b23v,FemaleDatingStrategy,1
2869,"Lmao!! Looks like you‚Äôre now literarily at the verge of an emotional breakdown üòÇü§£ü§£

Struck a nerve huh? You useless failure. If I were you, I would seriously worry less about who women are sleeping with and more about the failed castration that you call a dick. Your sexual frustration at the fact that another 10 women rejected you over the past week, is your own problem to deal with. 

What an absolute failure of a man. Incel tears coloring this post, seriously makes it that much more worth it.",rainisthelife,2019-07-28 00:59:49,2019-07-28 00:59:51,/r/FemaleDatingStrategy/comments/cf0bo4/he_stupid/ev8clui/,t1_ev8apk5,FemaleDatingStrategy,1
2870,Men are conditioned to cater to women and try to enter their lives rather than the other way around.,Samsquamch117,2019-07-28 00:55:57,2019-07-28 00:55:57,/r/FemaleDatingStrategy/comments/cipg49/all_men_need_direction_theyre_conditioned_to_be/ev8cbtv/,t3_cipg49,FemaleDatingStrategy,1
2871,Bye failure!,rainisthelife,2019-07-28 00:50:14,2019-07-28 00:50:15,/r/FemaleDatingStrategy/comments/cfk7g0/yes_all_men/ev8bwm9/,t1_ev87c3y,FemaleDatingStrategy,1
2872,"Did you husband say you can be on the phone this long? 

What are you doing out of the kitchen?

Make me some blueberry pie.",Whatdoin27,2019-07-28 00:38:41,2019-07-28 00:38:42,/r/FemaleDatingStrategy/comments/cf0bo4/he_stupid/ev8b23v/,t1_ev89qn5,FemaleDatingStrategy,1
2873,"Your lame attempt at insane ramblings of feminism and toxic masculinity are pretty gay. You say what every thot says now. 

Incapable of independent thought. You're the loser hunny. Seems like there's so much you can't fathom. You're sad and pathetic. 

Go take care of your cat litter, bitch.",Whatdoin27,2019-07-28 00:33:49,2019-07-28 00:33:50,/r/FemaleDatingStrategy/comments/cf0bo4/he_stupid/ev8apk5/,t1_ev89qn5,FemaleDatingStrategy,1
2874,Just did. Sorry it took so long,rainisthelife,2019-07-28 00:25:31,2019-07-28 00:25:32,/r/FemaleDatingStrategy/comments/bt1vsc/we_need_to_all_copy_paste_this_to_every_post_here/ev8a3st/,t1_epbrgz4,FemaleDatingStrategy,1
2875,"Lol your opinion is as irrelevant as your life. We don‚Äôt need your approval to be a dating advice sub. The targeted audience isn‚Äôt you. Lol at men giving their unsolicited opinions and approvals like anyone regards them as anything but the failures that they are üòÇ

Plus the fact that you‚Äôre obsessed with this sub and have been commenting the same bullshit everywhere here, is proof of your loneliness and lack of a life. You‚Äôre dismissed incel. Bye!",rainisthelife,2019-07-28 00:24:56,2019-07-28 00:24:57,/r/FemaleDatingStrategy/comments/c4yi90/people_here_have_gotten_objectively_better_advice/ev8a2aa/,t3_c4yi90,FemaleDatingStrategy,1
2876,"Whether or not they surprise you doesn‚Äôt change the fact that they hurt your irrelevant incel feelings. 

No one cares whether or not you think a woman is a thot, your bitch baby incel/mgtow crying about women clearly using you like trash or rejecting you is incredibly funny to watch. Thoting works for some women and allows them to pick and choose and the best part is how triggered so many loser men like you seem to be about it. 

You‚Äôre a sexually rejected failure, who‚Äôs only purpose in life is to be used for money or as a slave horse that no one respects. Cry some more üòÇ",rainisthelife,2019-07-28 00:20:32,2019-07-28 00:20:33,/r/FemaleDatingStrategy/comments/cf0bo4/he_stupid/ev89qn5/,t1_ev88dx1,FemaleDatingStrategy,1
2877,it‚Äôs not the truth it‚Äôs just plain sexism,MatDeV829,2019-07-28 00:07:22,2019-07-28 00:07:24,/r/FemaleDatingStrategy/comments/ce4ruq/a_lot_of_men_interpret_politeness_from_women_as/ev88rt8/,t1_ev88fzy,FemaleDatingStrategy,1
2878,So true!,rainisthelife,2019-07-28 00:05:05,2019-07-28 00:05:08,/r/FemaleDatingStrategy/comments/ce4ruq/a_lot_of_men_interpret_politeness_from_women_as/ev88loc/,t1_etzbizz,FemaleDatingStrategy,1
2879,"Shut up. You‚Äôre only crying over here because what she said is true. And the other subs that she moderates don‚Äôt change the fact that it is.

If the truth bothers you, then gtfo and take your bitch baby crying elsewhere.",rainisthelife,2019-07-28 00:02:59,2019-07-28 00:03:05,/r/FemaleDatingStrategy/comments/ce4ruq/a_lot_of_men_interpret_politeness_from_women_as/ev88fzy/,t1_eu32w5u,FemaleDatingStrategy,1
2880,"Nope. Thots don't surprise me with their shitty behavior. In fact, it's become so laughable now because I've realized that they're nothing. 

You're basically defending thot behavior. Yet, you're mad at dudes when they hurt you? I bet you wreak of loneliness and cat litter. Lol",Whatdoin27,2019-07-28 00:02:14,2019-07-28 00:02:16,/r/FemaleDatingStrategy/comments/cf0bo4/he_stupid/ev88dx1/,t1_ev882o4,FemaleDatingStrategy,1
2881,"No, he doesn‚Äôt.",rainisthelife,2019-07-27 23:59:20,2019-07-27 23:59:22,/r/FemaleDatingStrategy/comments/cezckc/leave_him_if/ev8862x/,t1_eu72u4w,FemaleDatingStrategy,1
2882,Cry more üòÇ,rainisthelife,2019-07-27 23:58:20,2019-07-27 23:58:21,/r/FemaleDatingStrategy/comments/cf0bo4/he_stupid/ev883h4/,t1_eu7o1hm,FemaleDatingStrategy,1
2883,"Sounds like you‚Äôre on the verge of tears just because a woman sleep with other people üòÇ

Cry some more about it ü§£",rainisthelife,2019-07-27 23:58:01,2019-07-27 23:58:02,/r/FemaleDatingStrategy/comments/cf0bo4/he_stupid/ev882o4/,t1_eu6xoaw,FemaleDatingStrategy,1
2884,"Lol sorry that the truth hurts you, you sexually rejected failure üòÇ",rainisthelife,2019-07-27 23:52:00,2019-07-27 23:52:00,/r/FemaleDatingStrategy/comments/ceyqp6/dont_buy_the_women_hit_the_wall_at_25_incel_lie/ev87moe/,t1_eu6q02z,FemaleDatingStrategy,1
2885,Alright femcel,loganaitken673,2019-07-27 23:48:05,2019-07-27 23:48:07,/r/FemaleDatingStrategy/comments/cfk7g0/yes_all_men/ev87c3y/,t1_ev874s3,FemaleDatingStrategy,1
2886,üòÇüôå,rainisthelife,2019-07-27 23:45:53,2019-07-27 23:45:54,/r/FemaleDatingStrategy/comments/cd9u2e/men_who_are_sluts_will_never_be_able_to_pleasure/ev8768z/,t1_etthukl,FemaleDatingStrategy,1
2887,"And that‚Äôs fine. The existence of subs like that, justifies the existence of this one. 

You‚Äôre free to take your bitch boy hypocritical crying to those subs. Thanks.",rainisthelife,2019-07-27 23:45:20,2019-07-27 23:45:21,/r/FemaleDatingStrategy/comments/cfk7g0/yes_all_men/ev874s3/,t1_eud8szs,FemaleDatingStrategy,1
2888,"Very good post. Well said üíØ

Going to pin this.",rainisthelife,2019-07-27 23:42:51,2019-07-27 23:42:52,/r/FemaleDatingStrategy/comments/cfk7g0/yes_all_men/ev86y3o/,t3_cfk7g0,FemaleDatingStrategy,1
2889,I actually think separate schools after elementary would be beneficial to both sexes.,Samsquamch117,2019-07-27 21:08:18,2019-07-27 21:09:09,/r/FemaleDatingStrategy/comments/cimnqo/under_no_circumstances_should_we_be_telling/ev7mvdw/,t3_cimnqo,FemaleDatingStrategy,1
2890,Women ... after they find out how much you make,MissSally2010,2019-07-27 20:55:07,2019-07-27 20:55:18,/r/FemaleDatingStrategy/comments/cibvzs/men_after_theyre_confident_u_are_in_love_with_them/ev7kkuv/,t3_cibvzs,FemaleDatingStrategy,1
2891,Totally agree with you.,Whatdoin27,2019-07-27 18:59:10,2019-07-27 18:59:21,/r/FemaleDatingStrategy/comments/cify5o/men_know_nothing_about_women_other_than_the/ev71aph/,t1_ev5bhb3,FemaleDatingStrategy,1
2892,I actually agree to this. Huh...,Whatdoin27,2019-07-27 18:13:42,2019-07-27 18:13:54,/r/FemaleDatingStrategy/comments/cifu44/just_a_reminder_for_anyone_who_needs_it_that_you/ev6ti8m/,t3_cifu44,FemaleDatingStrategy,1
2893,"If we lived in hunter gatherer societies it would be about the top 20% of men getting selected.

If the state didn‚Äôt enforce hiring quotas or supply welfare it would be much higher because many women would require provision, particularly if they wanted families",Samsquamch117,2019-07-27 17:41:45,2019-07-27 17:41:56,/r/FemaleDatingStrategy/comments/cigc89/if_tradition_and_shitty_social_constructs_didnt/ev6o2rr/,t3_cigc89,FemaleDatingStrategy,1
2894,"Nobody is worthy of sexual love inherently.  People are entitled to civility insofar as they also act civil, but nothing more.  

Loving yourself is more important than being loved by another.  You can be in a great relationship and still be miserable if you don‚Äôt love yourself.",Samsquamch117,2019-07-27 15:58:50,2019-07-27 15:59:38,/r/FemaleDatingStrategy/comments/cifu44/just_a_reminder_for_anyone_who_needs_it_that_you/ev66j8e/,t3_cifu44,FemaleDatingStrategy,1
2895,Go back and suck that black dick hoe,goy88,2019-07-27 15:00:24,2019-07-27 15:00:35,/r/FemaleDatingStrategy/comments/cd9u2e/men_who_are_sluts_will_never_be_able_to_pleasure/ev5wm2f/,t1_etthukl,FemaleDatingStrategy,1
2896,"I‚Äôve seen the most staunch feminists drop everything and jump at the chance enter the world of the right guy.

I‚Äôm the Middle Ages women were not able to perform the manual labor necessary to survive in a sustenance farming lifestyle.  Throughout most of human evolution, women needed men.

There are women who can make a legitimate living on their own, but the vast majority are propped up by state-mandated gender quotas.  If you‚Äôre sure that I‚Äôm wrong, then would you support repealing those laws?",Samsquamch117,2019-07-27 13:55:16,2019-07-27 13:55:28,/r/FemaleDatingStrategy/comments/cifw4t/chivalry_is_part_of_a_transactional_system_in/ev5lvi6/,t3_cifw4t,FemaleDatingStrategy,1
2897,Men project how they think onto women and vice versa,Samsquamch117,2019-07-27 13:50:46,2019-07-27 13:50:57,/r/FemaleDatingStrategy/comments/cify5o/men_know_nothing_about_women_other_than_the/ev5l8a7/,t3_cify5o,FemaleDatingStrategy,1
2898,Old roastie,goy88,2019-07-27 13:10:25,2019-07-27 13:10:35,/r/FemaleDatingStrategy/comments/cfk7g0/yes_all_men/ev5fska/,t1_ev4ygho,FemaleDatingStrategy,1
2899,"You still can't write properly, i'm not trying to hustle, i'm just trying to say, that guy's house propably doesn't have basement.",Dogedoomofinternet,2019-07-27 12:53:16,2019-07-27 12:53:27,/r/FemaleDatingStrategy/comments/bwrlf6/women_who_look_comfortable_are_the_most_pleasant/ev5djzl/,t1_ev53sml,FemaleDatingStrategy,1
2900,Because a statement like the above reveals you live in a pretty small world. Wake up and look beyond your nose butch bitch,MissSally2010,2019-07-27 12:36:28,2019-07-27 12:36:38,/r/FemaleDatingStrategy/comments/cify5o/men_know_nothing_about_women_other_than_the/ev5bhb3/,t1_ev4xzm2,FemaleDatingStrategy,1
2901,I‚Äôm engaged so probably,Samsquamch117,2019-07-27 12:02:44,2019-07-27 12:02:56,/r/FemaleDatingStrategy/comments/cfk7g0/yes_all_men/ev57gye/,t1_ev4ygho,FemaleDatingStrategy,1
